[emotion];[number];[valence];[arousal];[prob. anger];[prob. disgust];[prob. fear];[prob. joy];[prob. sadness];[prob. surprise];[prob. neutral]
disgust;1;2.5;3.8;0.13;0.7;0;0.07;0.1;0;0
surprise;1;6.3;5.7;0;0.066667;0.17;0.23;0.13;0.23;0.17
fear;1;2.8;4.8;0.1;0.1;0.53;0;0.13;0;0.13
joy;1;8;4.5;0;0;0;0.67;0;0.27;0.07
sadness;1;2.7;5.2;0;0;0.1;0;0.9;0;0
disgust;2;1.1;4.3;0.02;0.377778;0.52;0;0.08;0;0
anger;1;4.6;4.5;0.03;0.033333;0.27;0;0.2;0.13;0.33
anger;2;6.3;4.9;0;0.133333;0.13;0.09;0.2;0.16;0.29
fear;2;4.6;3.8;0.02;0.088889;0.07;0.09;0.07;0.2;0.47
disgust;3;1.4;7.9;0.1;0.232222;0.5;0;0.14;0.03;0
sadness;2;3.5;4.2;0.03;0.066667;0;0.03;0.77;0;0.1
fear;3;3.9;3.9;0;0;0.43;0;0.17;0.07;0.33
sadness;3;2.7;3.8;0;0.066667;0;0.03;0.83;0;0.07
surprise;2;6;4.9;0;0;0.12;0.34;0.02;0.34;0.17
joy;2;7.7;3.9;0;0;0;0.62;0;0.19;0.19
surprise;3;8.3;7.2;0;0;0;0.37;0.02;0.43;0.18
anger;3;3.6;5.4;0.52;0.033333;0.13;0;0.09;0.03;0.19
joy;3;8.1;5.8;0;0;0;0.54;0.09;0.14;0.22
joy;4;7.2;5.1;0;0;0.07;0.57;0;0.17;0.2
surprise;4;4.7;5.4;0;0.066667;0.1;0.07;0.07;0.23;0.47
disgust;4;2.6;5;0.07;0.366667;0.17;0.03;0;0.1;0.27
anger;4;6.1;5.7;0;0;0.3;0.13;0;0.23;0.33
sadness;4;4.8;4.7;0;0;0.07;0;0.27;0.07;0.6
disgust;5;2.9;4.2;0;0.333333;0.07;0;0.2;0;0.4
fear;4;5.1;4.7;0.07;0.066667;0.07;0.2;0.07;0.07;0.47
anger;5;7.4;5.6;0.07;0.066667;0.07;0.27;0.07;0.2;0.27
fear;5;1.5;4.7;0.07;0.1;0.83;0;0;0;0
surprise;5;8;3.4;0;0;0;0.57;0;0.23;0.2
joy;5;6.1;4.5;0.13;0.1;0.07;0.27;0;0.3;0.13
anger;6;1.6;5.3;0.03;0.066667;0.4;0;0.43;0;0.07
sadness;5;6.1;3.5;0;0.033333;0;0.23;0.27;0.13;0.33
disgust;6;2.2;4.8;0.07;0.433333;0.2;0.07;0.23;0;0
fear;6;1.8;5.2;0;0.2;0.2;0;0.43;0;0.17
joy;6;6.7;4.1;0;0;0.1;0.4;0.03;0.27;0.2
sadness;6;4.3;4.2;0;0;0.03;0.07;0.63;0.07;0.2
surprise;6;6.5;4;0;0.033333;0;0.3;0;0.17;0.5
disgust;7;3.2;4.5;0.1;0.333333;0;0;0.1;0.07;0.4
joy;7;7.8;6.9;0;0;0;0.87;0;0.13;0
disgust;8;4.9;5.3;0;0.266667;0.1;0.07;0.03;0.03;0.5
anger;7;3.3;6.9;0.09;0;0.52;0.03;0.07;0.16;0.13
fear;7;4.1;4.4;0;0.188889;0.32;0;0.13;0.02;0.33
sadness;7;5.4;4.8;0;0.066667;0;0.29;0.13;0.09;0.42
anger;8;2.3;4.8;0.09;0.388889;0.06;0;0.37;0;0.1
fear;8;1.2;4.9;0.03;0.4;0.47;0;0.03;0.07;0
surprise;7;6.8;5.2;0.07;0;0;0.39;0;0.19;0.36
joy;8;7.1;4.6;0;0;0;0.57;0.07;0.3;0.07
joy;9;7.4;4.8;0;0;0;0.6;0;0.27;0.13
sadness;8;5.5;5;0;0.066667;0;0.2;0.27;0.2;0.27
surprise;8;6.3;5.3;0;0.1;0.27;0.13;0.07;0.23;0.2
surprise;9;6.3;5.4;0;0;0.09;0.32;0.07;0.39;0.13
sadness;9;2.3;4;0;0.1;0.13;0;0.63;0.07;0.07
anger;9;4.7;5.1;0.07;0;0.5;0.07;0.07;0.1;0.2
disgust;9;5.3;5.4;0.07;0.066667;0;0.2;0.2;0.2;0.27
fear;9;5.1;5.1;0.07;0.1;0.37;0.13;0.07;0.07;0.2
surprise;10;6.8;4.6;0;0;0.1;0.37;0;0.4;0.13
anger;10;3.2;7.2;0.44;0.05;0.17;0.07;0.14;0.07;0.07
joy;10;7.3;4;0;0;0;0.63;0;0.17;0.2
anger;11;4.1;6.1;0.07;0.088889;0.46;0;0.19;0.07;0.13
fear;10;5;5;0.09;0.033333;0.19;0.07;0.16;0;0.47
disgust;10;3.1;5.3;0.09;0.433333;0.26;0;0.09;0.07;0.07
sadness;10;5.7;3.5;0.03;0.016667;0.22;0.17;0.25;0.03;0.28
disgust;11;4.2;5.7;0.09;0.411111;0.21;0.07;0.09;0;0.13
fear;11;4.8;5;0.07;0.083333;0.52;0;0.02;0.13;0.18
surprise;11;4.7;4.6;0.07;0;0.13;0.3;0;0.33;0.17
sadness;11;3.7;4.8;0;0.133333;0.07;0.07;0.2;0.07;0.47
disgust;12;3.8;5.3;0;0.166667;0.17;0.07;0.07;0.17;0.37
joy;11;6.3;4.5;0;0.066667;0;0.57;0;0.07;0.3
anger;12;3.7;5.2;0.07;0.233333;0;0.13;0.07;0.03;0.47
sadness;12;2.2;4.7;0;0;0.03;0;0.87;0;0.1
surprise;12;3.6;4;0;0.3;0.2;0.07;0;0.23;0.2
fear;12;5;4.6;0;0;0.37;0.23;0.07;0.13;0.2
joy;12;5.3;3.3;0;0.066667;0;0.3;0;0.1;0.53
anger;13;3.1;5.3;0.32;0.038889;0.41;0;0.21;0.02;0
fear;13;2.8;4;0;0.066667;0.18;0;0.68;0.08;0
disgust;13;4.3;3.9;0.03;0.333333;0.33;0;0.13;0.17;0
surprise;13;6.9;5.5;0;0.066667;0;0.37;0;0.43;0.13
joy;13;7.6;7.3;0;0;0;0.66;0;0.29;0.06
anger;14;4.1;5.7;0.11;0.088889;0.12;0.03;0.24;0.13;0.27
disgust;14;3.4;4.2;0;0.388889;0.03;0.02;0.36;0.03;0.17
sadness;13;3;3.4;0;0.1;0.16;0;0.52;0.06;0.17
fear;14;4.6;4.3;0;0.166667;0.28;0.02;0.21;0.17;0.15
sadness;14;1.6;5.4;0.28;0.138889;0.18;0;0.31;0.02;0.07
disgust;15;4.4;4.8;0;0.233333;0.1;0;0.03;0;0.63
surprise;14;5.1;5.3;0;0;0.17;0.27;0.1;0.27;0.2
joy;14;6.6;4.3;0;0.166667;0;0.27;0;0.23;0.33
sadness;15;4;3.9;0;0.033333;0.07;0;0.73;0;0.17
anger;15;3.9;6;0;0.066667;0.33;0.17;0.1;0.17;0.17
fear;15;4.6;4.8;0;0;0.53;0.07;0.1;0.13;0.17
surprise;15;7.5;4.4;0;0;0.07;0.5;0.07;0.17;0.2
joy;15;7.3;4.8;0;0;0;0.57;0;0.2;0.23
disgust;16;2.4;5.3;0.03;0.488889;0.19;0;0.29;0;0
disgust;17;5.2;3.9;0;0.188889;0.06;0.4;0;0.19;0.17
fear;16;3.5;4.7;0.06;0.3;0.39;0;0.02;0.03;0.2
joy;16;4.8;4.2;0;0.1;0.1;0.2;0.2;0.03;0.37
anger;16;2.2;5;0.02;0;0.52;0;0.39;0.03;0.03
sadness;16;5.9;4.4;0;0;0.13;0.53;0.07;0.07;0.2
fear;17;3.1;4.5;0.06;0.1;0.46;0;0.36;0.03;0
anger;17;2.8;5.7;0.32;0.066667;0.42;0.07;0.09;0.03;0
surprise;16;7;5.4;0;0;0;0.73;0;0.1;0.17
anger;18;3.9;5.9;0.18;0.188889;0.21;0.13;0.02;0.13;0.13
surprise;17;7.7;4.8;0.07;0;0;0.27;0.13;0.17;0.37
sadness;17;6.1;4.1;0;0;0.07;0.27;0.1;0.17;0.4
surprise;18;5.1;5.3;0.06;0.055556;0.22;0.03;0;0.37;0.27
joy;17;7.3;5.3;0.07;0;0;0.43;0.13;0.2;0.17
disgust;18;2.7;4.6;0.05;0.183333;0.28;0;0.25;0.17;0.07
fear;18;3.2;5.5;0.25;0.183333;0.45;0;0.02;0.1;0
joy;18;6.3;5.9;0.03;0.033333;0.13;0.27;0;0.3;0.23
sadness;18;3.3;4.2;0;0.033333;0.13;0.03;0.67;0.1;0.03
surprise;19;4.5;4.8;0.07;0.133333;0.23;0.13;0.13;0.07;0.23
fear;19;6.6;5.8;0;0;0.07;0.33;0.07;0.17;0.37
fear;20;5.1;5.9;0;0.033333;0.53;0.07;0.07;0.2;0.1
anger;19;4.6;5.4;0.46;0.066667;0.39;0;0;0.06;0.03
anger;20;6.2;4.2;0.03;0.133333;0.07;0.5;0;0.1;0.17
disgust;19;2.2;4.9;0.03;0.4;0.3;0;0.1;0;0.17
disgust;20;2.8;4.4;0.07;0.5;0.2;0;0.07;0;0.17
joy;19;6.3;5.3;0.07;0.066667;0.2;0.37;0;0.23;0.07
sadness;19;5.2;4.7;0.07;0;0;0.3;0.2;0;0.43
fear;21;3.6;4.7;0;0.2;0.07;0.03;0.17;0.1;0.43
surprise;20;6.2;5;0;0.066667;0.07;0.4;0.07;0.27;0.13
joy;20;7.5;6.2;0;0;0.02;0.39;0.07;0.42;0.1
joy;21;6.9;4.6;0;0.066667;0.07;0.46;0.06;0.26;0.1
sadness;20;4.8;4.1;0.02;0.133333;0.02;0.1;0.49;0.1;0.13
anger;21;5.4;4.6;0.09;0.033333;0.06;0.23;0.12;0.17;0.3
sadness;21;5.5;4.9;0;0.1;0.07;0.07;0.2;0.3;0.27
surprise;21;7.4;4.7;0;0;0;0.42;0;0.49;0.09
disgust;21;2.2;4.7;0.08;0.333333;0.28;0;0.08;0.08;0.13
disgust;22;6.9;5;0;0.2;0;0.47;0;0.27;0.07
anger;22;3.9;5;0.12;0.016667;0.22;0;0.58;0;0.07
sadness;22;4.6;4.2;0.03;0.066667;0;0.23;0.43;0.1;0.13
disgust;23;4.5;4.4;0.02;0.355556;0;0;0.07;0.09;0.47
surprise;22;6.1;6;0;0.066667;0;0.42;0.13;0.22;0.16
anger;23;5.5;5.3;0.13;0.133333;0.2;0.13;0.2;0.07;0.13
fear;22;4.9;4.2;0.02;0.05;0.33;0.22;0.2;0.02;0.17
fear;23;5.5;4.6;0.03;0.033333;0.13;0.4;0.27;0.13;0
joy;22;7.4;6.6;0;0;0;0.57;0.13;0.3;0
anger;24;6.5;5.9;0;0.133333;0.03;0.23;0.2;0.23;0.17
joy;23;7.5;6.2;0;0;0;0.5;0;0.2;0.3
sadness;23;6;5.8;0;0;0.03;0.07;0.53;0.13;0.23
disgust;24;1.9;3.6;0.13;0.566667;0;0;0.03;0;0.27
fear;24;4.3;4.1;0.07;0.133333;0.43;0.07;0;0.23;0.07
sadness;24;3;3.2;0;0.1;0;0;0.8;0.07;0.03
surprise;23;4.3;4.6;0;0.222222;0.32;0.1;0;0.16;0.2
joy;24;7.2;6.5;0;0;0.13;0.4;0;0.3;0.17
surprise;24;7.1;6.3;0;0;0.07;0.39;0.07;0.32;0.16
anger;25;4.7;4.9;0.07;0.2;0.2;0.1;0.07;0.07;0.3
surprise;25;5.6;4.4;0;0.133333;0.03;0.17;0.1;0.23;0.33
disgust;25;2.2;6.1;0.08;0.55;0.17;0;0.15;0.03;0.02
fear;25;4.8;3.7;0;0.066667;0.03;0.13;0.2;0.07;0.5
fear;26;5.8;3.6;0;0;0.1;0.33;0.2;0.07;0.3
sadness;25;3.3;4.3;0;0;0;0.07;0.8;0.03;0.1
joy;25;6.9;5.2;0;0.033333;0;0.7;0;0.17;0.1
disgust;26;3.3;5.6;0.07;0.433333;0.1;0.07;0.02;0.02;0.29
anger;26;3.4;4.7;0;0.133333;0.07;0;0.3;0.03;0.47
fear;27;6.3;4.7;0.03;0.033333;0.3;0.2;0.03;0.1;0.3
joy;26;8.6;4.5;0;0;0;0.73;0;0.17;0.1
anger;27;3.5;6.8;0.59;0;0.36;0.03;0.02;0;0
surprise;26;7.6;5.2;0;0;0;0.47;0;0.33;0.2
joy;27;7.3;4.7;0;0;0;0.47;0;0.17;0.37
disgust;27;1.7;6.5;0.03;0.433333;0.3;0;0.17;0;0.07
sadness;26;4;4.2;0.06;0;0.06;0.03;0.76;0;0.1
sadness;27;3.8;4.5;0;0;0.03;0.03;0.9;0;0.03
surprise;27;6.7;4.6;0;0;0.12;0.4;0.02;0.32;0.13
anger;28;3.2;4.6;0.07;0;0.43;0.07;0.23;0.07;0.13
fear;28;2.5;4.2;0.06;0.022222;0.5;0;0.22;0.07;0.13
joy;28;8.2;7.2;0;0;0;0.63;0;0.1;0.27
fear;29;4;4.6;0.17;0.122222;0.4;0;0.09;0.02;0.2
surprise;28;4.6;5.4;0.02;0.333333;0.33;0.07;0.02;0.06;0.17
sadness;28;5.8;5.7;0.02;0.133333;0.09;0.1;0.13;0.12;0.4
anger;29;4.2;6.4;0.13;0.033333;0.43;0.03;0.07;0.17;0.13
disgust;28;4.5;3.9;0.02;0.4;0.09;0;0.13;0.02;0.33
disgust;29;2.5;4;0;0.355556;0.16;0;0.4;0.02;0.07
sadness;29;5.5;4.2;0;0;0;0.47;0.13;0.13;0.27
disgust;30;2.5;3.8;0.07;0.633333;0.07;0;0.03;0;0.2
joy;29;6.9;4.1;0;0;0;0.7;0;0.17;0.13
surprise;29;6.3;4.4;0;0;0;0.62;0;0.19;0.19
surprise;30;6.3;6;0;0;0.12;0.17;0.03;0.49;0.19
sadness;30;6.8;4.2;0;0;0;0.2;0.17;0.1;0.53
fear;30;4.8;4.4;0;0;0.19;0.03;0.29;0.19;0.3
joy;30;6.8;3.7;0;0;0;0.57;0;0.17;0.27
anger;30;5.1;4.4;0;0.066667;0.1;0;0.07;0;0.77
anger;31;4.9;4.4;0;0.066667;0.2;0.2;0;0.1;0.43
fear;31;3.1;4.9;0;0.144444;0.54;0;0.04;0.13;0.13
joy;31;7.5;4.9;0;0;0;0.53;0;0.17;0.3
disgust;31;1.1;6.3;0.06;0.333333;0.5;0;0.02;0.02;0.07
surprise;31;5.6;5.4;0;0;0;0.03;0;0.27;0.7
sadness;31;5.4;4.7;0;0;0;0.12;0.29;0.19;0.4
fear;32;6.2;5.2;0;0;0.13;0.07;0.17;0.07;0.57
anger;32;6;5.4;0.07;0;0.1;0.23;0;0.27;0.33
disgust;32;1.2;4.7;0.13;0.7;0;0;0.13;0.03;0
joy;32;6.6;5.6;0;0.133333;0;0.53;0;0.23;0.1
sadness;32;3.1;4;0.02;0;0.12;0;0.72;0;0.13
sadness;33;5.6;4.3;0;0;0.09;0.4;0.22;0.22;0.07
joy;33;5.5;6.2;0.02;0;0.22;0.23;0;0.19;0.33
disgust;33;3.4;4.1;0.06;0.322222;0.09;0;0.18;0.29;0.07
surprise;32;6.9;6.7;0.03;0.066667;0.06;0.39;0;0.36;0.1
anger;33;5.4;5.1;0;0.033333;0.1;0.19;0.1;0.32;0.26
fear;33;2.8;4.6;0.15;0;0.58;0.07;0.05;0.08;0.07
surprise;33;6.9;6.8;0.02;0;0.02;0.36;0.02;0.42;0.16
fear;34;5.8;5.4;0;0.066667;0.23;0.13;0.03;0.13;0.4
surprise;34;7.2;7.1;0;0;0.03;0.43;0;0.23;0.3
joy;34;7.5;4.8;0;0;0;0.59;0;0.19;0.22
disgust;34;3;5.8;0;0.477778;0.11;0;0.19;0;0.22
disgust;35;1.7;6;0.17;0.666667;0;0;0.03;0;0.13
fear;35;4.2;4.3;0;0.133333;0.17;0;0.17;0.3;0.23
sadness;34;2.6;5.3;0.02;0.066667;0.1;0;0.69;0.02;0.1
anger;34;4;4.3;0.03;0.166667;0.23;0;0.23;0.17;0.17
anger;35;6.6;6.7;0;0;0;0.6;0;0.13;0.27
sadness;35;6.1;5.2;0;0.033333;0;0.2;0.23;0.47;0.07
surprise;35;6.7;5.2;0;0;0.1;0.43;0;0.23;0.23
surprise;36;6.3;6.2;0;0.066667;0.07;0.43;0.07;0.13;0.23
anger;36;5.6;4.6;0;0.1;0.13;0.3;0.17;0.03;0.27
sadness;36;3.2;3.9;0.02;0;0.09;0;0.69;0;0.2
fear;36;2.8;4.5;0.02;0.1;0.49;0;0.16;0.2;0.03
joy;35;7.1;6.5;0;0;0.13;0.57;0;0.17;0.13
disgust;36;2.8;3.8;0.03;0.422222;0.26;0;0;0.02;0.27
joy;36;7.8;6.7;0;0;0;0.57;0;0.23;0.2
fear;37;2.3;5.4;0.07;0.033333;0.73;0;0.1;0;0.07
surprise;37;5.1;5.1;0.03;0.055556;0.16;0.1;0.03;0.36;0.27
anger;37;7.3;6.3;0.07;0;0;0.6;0;0.17;0.17
disgust;37;5.7;5.2;0;0.066667;0;0.53;0;0.13;0.27
disgust;38;4.5;6.4;0.17;0.222222;0.09;0.17;0;0.09;0.27
joy;37;7.4;6.8;0;0;0;0.73;0;0.17;0.1
fear;38;6.3;4.2;0;0;0;0.3;0.2;0.17;0.33
anger;38;2.6;4;0.03;0.2;0.17;0.1;0.4;0.03;0.07
sadness;37;2.6;4.6;0.1;0.122222;0.08;0;0.63;0;0.07
disgust;39;6.6;4.2;0.07;0.033333;0;0.43;0;0.1;0.37
joy;38;6.3;5.6;0.03;0;0.1;0.53;0;0.13;0.2
sadness;38;8;4.3;0;0;0;0.77;0.1;0.07;0.07
fear;39;5.8;4.1;0;0;0.37;0.3;0.1;0.17;0.07
surprise;38;7;6.9;0.03;0;0;0.67;0;0.2;0.1
joy;39;7.9;5.6;0;0;0;0.63;0.07;0.23;0.07
anger;39;6;6;0;0;0.2;0.3;0.1;0.17;0.23
sadness;39;3.6;4.7;0;0.1;0.3;0;0.27;0.13;0.2
surprise;39;8;7.6;0;0;0;0.6;0;0.33;0.07
anger;40;5.4;7.2;0.13;0;0.37;0.1;0.07;0.27;0.07
sadness;40;5.6;3.2;0;0;0;0.3;0.47;0.13;0.1
surprise;40;6.2;5.7;0;0.066667;0.13;0.4;0;0.33;0.07
disgust;40;2.5;5.1;0.04;0.577778;0.08;0;0.11;0.07;0.12
disgust;41;2.1;5.1;0.06;0.555556;0.16;0;0.1;0;0.13
joy;40;8.3;4.2;0;0;0;0.52;0.02;0.19;0.27
anger;41;3.4;5.6;0.08;0.305556;0.18;0;0.14;0.06;0.23
fear;40;5;7.3;0.07;0.022222;0.57;0.02;0.03;0.19;0.1
fear;41;4.9;5.6;0;0.066667;0.3;0.17;0.17;0.07;0.23
joy;41;7.5;5.2;0;0;0;0.6;0;0.2;0.2
surprise;41;3.4;5;0.03;0.566667;0.12;0.09;0;0.03;0.16
fear;42;3.7;5;0.17;0.033333;0.72;0;0.06;0.02;0
sadness;41;4.7;4.1;0;0.033333;0.06;0.19;0.19;0.13;0.4
anger;42;6.5;6;0;0;0.16;0.42;0.07;0.26;0.1
disgust;42;2.3;4.7;0;0.655556;0.02;0.03;0.26;0.03;0
joy;42;6.1;5;0;0;0;0.7;0;0.13;0.17
sadness;42;3.5;4.1;0;0.033333;0.03;0;0.83;0;0.1
surprise;42;6.4;5.2;0;0;0.07;0.6;0;0.23;0.1
disgust;43;4.7;4.8;0.03;0.4;0.13;0.07;0;0.17;0.2
fear;43;7.4;4.8;0;0;0;0.47;0.03;0.2;0.3
joy;43;8.1;6;0;0;0;0.8;0;0.1;0.1
disgust;44;5.6;4.6;0.03;0.2;0.07;0.2;0;0.03;0.47
sadness;43;7.6;4.6;0.02;0;0;0.76;0;0.06;0.17
surprise;43;7.9;6;0;0;0;0.7;0;0.27;0.03
anger;43;6.9;5.6;0;0.066667;0.13;0.37;0.03;0.1;0.3
fear;44;5.6;5.5;0;0.1;0.1;0.27;0.03;0.1;0.4
anger;44;3.3;4.4;0;0.4;0.07;0.07;0.13;0;0.33
surprise;44;7.3;4;0;0;0;0.63;0;0.13;0.23
joy;44;6;5.8;0;0;0;0.67;0;0.03;0.3
disgust;45;2.5;4.9;0;0.666667;0.17;0;0.07;0.03;0.07
anger;45;4.5;5.6;0;0;0.37;0.2;0.1;0.07;0.27
fear;45;5.5;5.5;0;0.066667;0.23;0.3;0;0.33;0.07
surprise;45;5.5;3.9;0;0.066667;0;0.3;0.27;0.17;0.2
sadness;44;3.8;4.7;0;0;0.03;0;0.77;0.13;0.07
sadness;45;3.9;4.6;0;0;0.07;0;0.77;0;0.17
joy;45;6.4;4;0;0;0;0.67;0;0.13;0.2
disgust;46;2.7;4.7;0;0.222222;0.26;0;0.12;0.1;0.3
anger;46;4;5.2;0.02;0.083333;0.38;0;0.05;0.07;0.4
anger;47;2.7;4.7;0.3;0.2;0.27;0.03;0.13;0;0.07
disgust;47;2;4;0.02;0.322222;0.43;0;0.09;0;0.13
fear;46;4.8;5.2;0.07;0;0.43;0;0.13;0.1;0.27
fear;47;4.2;4.9;0.07;0;0.4;0.13;0.1;0.13;0.17
joy;46;6;4.7;0;0;0;0.57;0;0.2;0.23
sadness;46;3.3;3.8;0.03;0.066667;0.2;0;0.5;0;0.2
surprise;46;5.9;5.8;0;0;0.3;0.3;0;0.27;0.13
anger;48;6.7;6.6;0;0.033333;0.23;0.47;0;0.2;0.07
surprise;47;5.8;4.5;0;0;0.06;0.52;0.1;0.12;0.2
surprise;48;7.2;5.2;0;0;0;0.53;0;0.3;0.17
sadness;47;2.3;4.2;0;0;0.1;0;0.9;0;0
fear;48;3.5;4.6;0;0.266667;0.6;0;0;0.07;0.07
disgust;48;1.4;5.1;0.08;0.288889;0.03;0;0.51;0.09;0
joy;47;5.4;5;0;0.133333;0.07;0.17;0;0.23;0.4
sadness;48;2.3;4.4;0;0.066667;0.07;0;0.87;0;0
joy;48;6;5;0;0.066667;0;0.39;0.02;0.37;0.16
joy;49;8.2;4.9;0;0;0;0.69;0;0.19;0.12
fear;49;3.5;4.8;0;0.033333;0.6;0;0.1;0;0.27
surprise;49;4.6;4.7;0;0.133333;0.13;0.13;0.07;0.13;0.4
anger;49;5.9;4.6;0;0;0.1;0.07;0.03;0.27;0.53
anger;50;6.3;5.8;0.13;0;0.2;0.07;0;0.4;0.2
disgust;49;3.8;4.6;0.07;0.6;0;0;0;0.07;0.27
sadness;49;3.5;4.2;0;0.033333;0.1;0.07;0.73;0;0.07
disgust;50;2.9;3.9;0.26;0.455556;0;0.07;0.16;0;0.07
fear;50;4.9;5.3;0;0.022222;0.26;0.13;0.12;0.2;0.27
anger;51;1.8;4.5;0.05;0.116667;0.42;0;0.35;0;0.07
fear;51;1.9;4.9;0.13;0.122222;0.69;0;0.02;0.03;0
surprise;50;7.2;4.3;0;0.1;0;0.43;0.07;0.2;0.2
sadness;50;3.3;4.1;0;0;0;0.07;0.83;0;0.1
joy;50;7.4;4.3;0;0;0;0.47;0.03;0.13;0.37
surprise;51;7.9;5.6;0;0;0;0.67;0;0.33;0
disgust;51;6.9;5;0;0.066667;0;0.4;0;0.47;0.07
sadness;51;5.1;5;0;0.055556;0.26;0.07;0.39;0.1;0.13
joy;51;6;4.5;0;0.166667;0;0.33;0;0.07;0.43
disgust;52;4.2;5;0.03;0.533333;0.1;0;0;0;0.33
joy;52;7.6;5;0;0;0;0.43;0.07;0.23;0.27
fear;52;3.3;5.5;0.07;0.066667;0.43;0.07;0;0.1;0.27
anger;52;5.2;5.7;0.07;0;0.3;0.23;0;0.13;0.27
anger;53;2.2;5.5;0.13;0;0.5;0;0.27;0;0.1
sadness;52;3.1;3.7;0;0.033333;0;0;0.83;0;0.13
disgust;53;2.3;5;0.02;0.272222;0.47;0;0.14;0.03;0.07
fear;53;4.5;5.3;0;0.066667;0.3;0.07;0;0.3;0.27
surprise;52;6.7;5.1;0;0;0;0.37;0;0.3;0.33
joy;53;7.3;6.1;0;0;0;0.4;0.13;0.37;0.1
disgust;54;2.6;4.5;0.03;0.566667;0.07;0.07;0;0;0.27
fear;54;4.5;4.5;0.03;0.033333;0.3;0.07;0.1;0;0.47
sadness;53;4.6;3.8;0;0;0;0.03;0.73;0.07;0.17
surprise;53;7.1;6.4;0;0;0;0.39;0.07;0.42;0.12
surprise;54;5.2;5.6;0;0;0.23;0.2;0;0.3;0.27
anger;54;1.6;4.9;0.22;0.022222;0.27;0;0.26;0.2;0.03
joy;54;8.2;5.7;0;0;0;0.7;0.13;0.07;0.1
sadness;54;3.2;4.1;0;0.066667;0.13;0.07;0.33;0.03;0.37
anger;55;3.2;4.6;0.07;0;0.1;0;0.8;0;0.03
surprise;55;3.3;6.1;0.1;0.2;0.22;0;0.22;0.2;0.06
joy;55;7.8;5.6;0;0;0;0.63;0;0.17;0.2
fear;55;5.2;4.6;0.02;0.088889;0.13;0.1;0.07;0.03;0.56
sadness;55;6;4.3;0;0;0;0.1;0.2;0.17;0.53
disgust;55;3.3;5.7;0;0.5;0;0.03;0.13;0.1;0.23
fear;56;3.5;5.8;0.03;0.033333;0.43;0.03;0;0.1;0.37
anger;56;4.2;6;0.37;0.066667;0.13;0;0.07;0.07;0.3
disgust;56;3.6;5.2;0;0.4;0.23;0;0.07;0;0.3
joy;56;7;5.8;0;0;0;0.67;0;0.27;0.07
sadness;56;3.2;3.8;0;0.066667;0.4;0;0.53;0;0
surprise;56;6.1;5.8;0;0.066667;0;0.67;0;0.13;0.13
surprise;57;5.5;5.9;0;0.033333;0;0.13;0.17;0.33;0.33
disgust;57;3.1;4.5;0.07;0.355556;0.29;0;0.07;0.09;0.13
joy;57;7.6;6;0;0.066667;0;0.57;0;0.27;0.1
sadness;57;3.2;3.9;0.02;0.022222;0.07;0;0.89;0;0
fear;57;5.6;5;0;0;0;0.13;0.13;0.23;0.5
anger;57;4.8;4.9;0.07;0;0.23;0.03;0.1;0.3;0.27
surprise;58;5.6;4.4;0.08;0.016667;0.05;0.64;0;0.16;0.04
sadness;58;2.3;3.7;0;0.066667;0.1;0.07;0.67;0;0.1
disgust;58;5.9;4.2;0;0.2;0;0.17;0;0.23;0.4
anger;58;5.3;4.1;0.03;0;0.07;0.22;0.19;0.03;0.46
disgust;59;3.3;4.4;0.03;0.566667;0.13;0;0.07;0;0.2
fear;58;4.6;3.9;0.13;0.1;0.23;0.07;0;0.13;0.33
fear;59;3.2;4.3;0.03;0.233333;0.1;0;0.3;0.13;0.2
joy;58;7.6;4;0;0;0;0.89;0;0.09;0.02
anger;59;4.3;4.3;0;0;0.2;0.17;0.27;0.07;0.3
joy;59;7.1;5.1;0;0;0;0.57;0.07;0.07;0.3
fear;60;5.3;3.7;0;0;0;0.27;0.23;0.17;0.33
anger;60;3.7;3.9;0.02;0.1;0.26;0.13;0.1;0.16;0.23
joy;60;6.6;4.7;0;0;0.07;0.5;0;0.27;0.17
sadness;59;3;4;0.03;0;0.27;0;0.57;0.13;0
disgust;60;2.1;4.1;0;0.466667;0.17;0.07;0.13;0.17;0
sadness;60;6.8;5;0;0.066667;0;0.32;0.07;0.32;0.22
surprise;59;6.5;6.3;0;0;0;0.5;0.07;0.37;0.07
surprise;60;7.3;5.5;0;0;0.07;0.57;0;0.23;0.13
joy;61;7.5;5.6;0;0;0;0.82;0;0.16;0.02
anger;61;5.9;5.3;0.07;0.133333;0.03;0.2;0.1;0.07;0.4
fear;61;4.2;5.5;0;0.166667;0.33;0.07;0.07;0.17;0.2
disgust;61;4.5;4.3;0.07;0.266667;0.13;0;0;0.13;0.4
sadness;61;5.3;4.7;0;0.066667;0;0.2;0.37;0.07;0.3
anger;62;5.5;6.5;0.02;0;0.46;0.1;0.12;0.27;0.03
surprise;61;6.8;4.7;0;0.033333;0.07;0.48;0.02;0.29;0.11
disgust;62;2.7;5.4;0;0.366667;0.2;0.07;0.07;0.07;0.23
fear;62;3;6.5;0.07;0;0.63;0;0.07;0.07;0.17
sadness;62;3.7;5.1;0.09;0.066667;0;0.22;0.59;0;0.03
disgust;63;3.8;4.4;0.07;0.066667;0.17;0.03;0.33;0;0.33
fear;63;3.9;5.2;0.37;0;0.4;0;0.07;0.17;0
joy;62;7.4;6.2;0;0;0.07;0.73;0.07;0.1;0.03
surprise;62;6.6;5.3;0.07;0.066667;0;0.39;0.07;0.32;0.09
anger;63;6.8;7.8;0.02;0.066667;0.22;0.5;0;0.12;0.07
sadness;63;3.9;4.3;0.03;0.133333;0;0.13;0.57;0.07;0.07
joy;63;7.5;6.8;0;0;0;0.67;0;0.13;0.2
surprise;63;5.2;5;0;0;0.13;0.23;0;0.3;0.33
joy;64;7.5;6.5;0;0;0;0.63;0;0.33;0.03
surprise;64;5.7;6.1;0;0;0;0.43;0.13;0.27;0.17
fear;64;4.7;3.9;0;0.133333;0.2;0.23;0.13;0.1;0.2
sadness;64;2.4;3;0.02;0;0.09;0;0.89;0;0
anger;64;6.9;5.6;0;0.066667;0.1;0.5;0;0.03;0.3
disgust;64;4.2;4.2;0;0.366667;0.03;0.2;0.07;0.03;0.3
disgust;65;2.3;4.4;0;0.422222;0.19;0;0.32;0;0.07
anger;65;5;4.6;0;0.066667;0.22;0.36;0.16;0.1;0.1
fear;65;2.1;4.6;0.1;0.1;0.57;0.03;0;0.17;0.03
joy;65;6.6;5.4;0;0.033333;0.03;0.69;0;0.09;0.16
sadness;65;4.4;4.8;0.07;0.1;0.03;0.07;0.3;0;0.43
sadness;66;3.4;4.5;0;0.155556;0;0;0.76;0;0.09
anger;66;3.9;4.5;0.09;0.088889;0.4;0;0.32;0.03;0.07
joy;66;6.9;5.7;0;0;0;0.53;0;0.37;0.1
disgust;66;2.4;4.1;0.07;0.7;0.17;0;0.07;0;0
fear;66;4.1;5.3;0.02;0.355556;0.53;0;0.02;0;0.07
surprise;65;6;4.7;0;0.066667;0.09;0.47;0;0.29;0.09
surprise;66;6.8;6.5;0.17;0;0.1;0.46;0;0.26;0.02
fear;67;5;4.8;0.02;0.2;0.32;0.07;0;0;0.39
anger;67;6.5;5.7;0.07;0;0.27;0.27;0;0.1;0.3
disgust;67;3.2;4.1;0.02;0.333333;0.06;0;0.12;0;0.47
disgust;68;4.3;4.4;0.02;0.35;0.25;0;0.1;0.08;0.2
joy;67;7.5;5.5;0;0.066667;0.03;0.6;0;0.2;0.1
sadness;67;6;5.5;0;0;0.07;0.33;0.13;0.1;0.37
anger;68;6.3;6.2;0.07;0;0;0.3;0.03;0.17;0.43
surprise;67;6.8;5.4;0;0;0.03;0.33;0.17;0.2;0.27
fear;68;4.4;4.3;0.07;0.133333;0.2;0.03;0;0.1;0.47
surprise;68;7.3;5.6;0;0;0;0.56;0;0.26;0.19
joy;68;7.2;6.3;0;0;0;0.66;0.07;0.12;0.16
disgust;69;5.7;5.7;0.13;0.133333;0.16;0.07;0.02;0.29;0.2
sadness;68;3.9;4.7;0.02;0.166667;0.31;0.07;0.37;0;0.07
surprise;69;7;5.8;0;0;0;0.6;0;0.2;0.2
fear;69;4.2;4.9;0.03;0.244444;0.06;0.22;0.02;0.22;0.2
sadness;69;4.4;5.3;0;0.066667;0.03;0.13;0.27;0.03;0.47
joy;69;7.2;5.5;0;0;0;0.53;0;0.23;0.23
anger;69;5.5;7.2;0.02;0;0.33;0.16;0.11;0.21;0.17
anger;70;6.2;6.5;0.13;0;0.07;0.36;0;0.16;0.29
joy;70;5;5.3;0;0.033333;0.16;0.32;0.09;0.13;0.27
disgust;70;1.9;5.3;0.09;0.405556;0.18;0;0.21;0.02;0.1
sadness;70;2.8;4;0.03;0.077778;0.13;0.03;0.63;0;0.09
disgust;71;4.3;4.6;0.07;0.466667;0;0;0.13;0;0.33
surprise;70;6.7;5.6;0;0;0;0.36;0;0.39;0.26
fear;70;5.6;5.2;0.1;0.055556;0.22;0.09;0;0.24;0.29
anger;71;5.8;4.9;0;0.022222;0.12;0.17;0.09;0.21;0.39
fear;71;5.7;5.1;0;0.1;0.2;0.39;0.03;0.12;0.16
sadness;71;6.3;5.5;0;0;0;0.36;0.19;0.19;0.27
surprise;71;6.3;3.5;0;0.033333;0;0.47;0;0.2;0.3
anger;72;3.2;5.2;0.33;0.3;0.1;0;0.07;0;0.2
surprise;72;3.7;5.6;0.07;0.083333;0.24;0.17;0.24;0.02;0.19
disgust;72;4.6;5.2;0;0.266667;0.07;0.27;0;0;0.4
joy;71;7;6.1;0;0;0;0.83;0;0.1;0.07
fear;72;3.7;5;0.03;0.166667;0.33;0.2;0.07;0;0.2
joy;72;6.8;4.9;0;0;0;0.63;0;0.2;0.17
sadness;72;3.9;4.8;0;0.133333;0;0.07;0.6;0;0.2
anger;73;5.9;4.7;0;0.133333;0.07;0.17;0.2;0.23;0.2
disgust;73;2.8;4.2;0.07;0.7;0.07;0;0.1;0;0.07
fear;73;4.6;4.4;0;0.066667;0.17;0.1;0.17;0.1;0.4
disgust;74;3.4;3.9;0.09;0.422222;0.16;0.03;0.07;0.1;0.13
surprise;73;6.8;5.7;0;0;0.07;0.4;0;0.2;0.33
fear;74;3.6;5;0.02;0.088889;0.63;0.1;0.06;0.03;0.07
anger;74;3.4;3.8;0.07;0.383333;0.11;0;0.24;0;0.2
joy;73;6.2;4.6;0;0.133333;0;0.5;0;0.1;0.27
sadness;73;3.6;4.3;0.02;0.022222;0;0.1;0.72;0;0.13
fear;75;6.4;5.9;0;0;0.03;0.25;0.18;0.18;0.35
sadness;74;5.9;6.2;0;0;0;0.19;0.32;0.13;0.36
joy;74;7.2;7.2;0.08;0.013333;0;0.34;0.2;0.26;0.11
disgust;75;1.9;4.2;0.04;0.538889;0.24;0;0.02;0.07;0.1
sadness;75;4.6;5.4;0.07;0.033333;0.07;0.03;0.2;0.37;0.23
anger;75;3.1;4.6;0;0.155556;0.26;0.07;0.26;0.07;0.2
surprise;74;6.9;6;0.07;0.033333;0;0.37;0;0.43;0.1
joy;75;7.8;7.4;0;0;0;0.67;0;0.27;0.07
surprise;75;6.4;6.5;0;0.133333;0;0.39;0.07;0.22;0.19
surprise;76;6.8;4.5;0;0;0;0.47;0.07;0.33;0.13
fear;76;3.4;5;0.08;0.35;0.37;0.02;0;0.05;0.13
sadness;76;5.2;4.8;0;0;0.07;0.07;0.7;0;0.17
anger;76;3.3;6;0.36;0.066667;0.36;0;0.09;0.07;0.07
disgust;76;3.9;5.5;0.07;0.4;0.2;0;0.07;0.07;0.2
anger;77;5;5.4;0.09;0.133333;0.29;0;0.09;0.13;0.27
disgust;77;5;5.2;0;0;0.07;0;0;0;0.93
fear;77;3.5;6;0.33;0;0.57;0;0;0.03;0.07
joy;76;6.7;6.2;0;0;0;0.5;0;0.3;0.2
surprise;77;6.1;3.9;0;0;0;0.17;0.33;0.17;0.33
sadness;77;5.1;4.1;0;0.066667;0.2;0.2;0.13;0.17;0.23
joy;77;7.2;3.9;0;0.066667;0;0.43;0;0.27;0.23
joy;78;8;4.9;0;0;0;0.5;0;0.17;0.33
sadness;78;6;4.4;0;0;0;0.17;0.47;0.2;0.17
surprise;78;5.1;6.8;0.17;0.066667;0.33;0.1;0;0.23;0.1
disgust;78;2.6;4.8;0;0.433333;0.23;0.07;0.03;0.17;0.07
anger;78;2.6;4.3;0.1;0.533333;0.17;0;0.07;0.07;0.07
fear;78;4;5.2;0;0.066667;0.33;0.07;0.23;0;0.3
joy;79;6.6;3.6;0;0;0.33;0.32;0.09;0.12;0.13
fear;79;4.3;5.5;0;0.233333;0.07;0.13;0.27;0;0.3
sadness;79;2.8;5.1;0;0.122222;0.32;0;0.42;0;0.13
fear;80;3.8;4.8;0;0.216667;0.08;0;0.28;0.08;0.33
anger;79;6.8;4.6;0;0;0.2;0.3;0.07;0.3;0.13
surprise;79;4.5;5.3;0.07;0.1;0.2;0.23;0.07;0.2;0.13
anger;80;3.3;4.2;0;0.133333;0;0;0.73;0;0.13
disgust;79;2.1;5.5;0;0.5;0.33;0.13;0.03;0;0
disgust;80;2.2;5.3;0.03;0.3;0.63;0;0;0.03;0
disgust;81;4.9;5.2;0;0.066667;0;0.13;0;0.17;0.63
joy;80;7;3.4;0;0;0;0.59;0.03;0.16;0.22
surprise;80;6.1;4.8;0.03;0;0.23;0.19;0.02;0.2;0.32
anger;81;6.7;6.5;0;0;0.27;0.24;0.07;0.27;0.16
sadness;80;5.8;5;0;0.083333;0.12;0.09;0.08;0.14;0.49
fear;81;5.6;5.5;0.03;0;0.1;0.07;0.13;0.2;0.47
sadness;81;4.1;5.3;0.04;0;0.09;0.02;0.78;0;0.07
surprise;81;6.6;4.6;0;0;0.03;0.37;0.1;0.1;0.4
joy;81;6.7;5.1;0;0;0;0.69;0;0.09;0.22
surprise;82;6;4.9;0;0;0;0.7;0.07;0.13;0.1
disgust;82;1.3;5.9;0.03;0.6;0.3;0;0.07;0;0
sadness;82;3.7;4.3;0;0.033333;0.1;0;0.87;0;0
anger;82;3.6;4.9;0.03;0.266667;0.53;0.1;0;0.07;0
joy;82;7.1;4.8;0;0;0.07;0.87;0;0.07;0
fear;82;5.7;4.6;0;0.066667;0.13;0.5;0.1;0.07;0.13
fear;83;3.5;5;0.13;0.066667;0.27;0;0.53;0;0
anger;83;2.5;4.9;0.12;0.322222;0.49;0;0.07;0;0
disgust;83;2.1;4.9;0.1;0.7;0.2;0;0;0;0
anger;84;3.2;5.5;0.44;0.144444;0.23;0;0.14;0.03;0
joy;83;7.1;5.2;0;0;0;0.73;0;0.2;0.07
sadness;83;3.5;5.2;0;0.1;0.03;0;0.87;0;0
surprise;83;6.5;4.5;0;0.066667;0;0.5;0;0.13;0.3
surprise;84;6.4;5.3;0;0;0.07;0.4;0.2;0.17;0.17
sadness;84;6.7;4.7;0;0;0;0.63;0.07;0.2;0.1
joy;84;6.9;5.6;0;0;0;0.7;0;0.2;0.1
disgust;84;1.5;5;0.26;0.688889;0;0;0.06;0;0
fear;84;3.4;5.1;0.03;0.066667;0.2;0;0.63;0;0.07
anger;85;6.6;5.4;0.07;0;0.1;0.17;0.17;0.37;0.13
joy;85;7.8;4.6;0.03;0.033333;0.07;0.7;0;0.1;0.07
sadness;85;2.3;4;0.07;0.288889;0.09;0;0.42;0.07;0.07
fear;85;1.8;5.8;0.16;0.166667;0.56;0;0.02;0.03;0.07
surprise;85;7.9;5.5;0;0.033333;0.1;0.57;0;0.23;0.07
disgust;85;5.1;4.8;0;0.033333;0.03;0;0;0.07;0.87
fear;86;4.5;5.4;0;0.066667;0.53;0;0.1;0.03;0.27
anger;86;4.9;5.8;0.09;0.055556;0.33;0.07;0.02;0.07;0.37
disgust;86;2.2;4.4;0.07;0.388889;0.09;0;0.26;0;0.2
sadness;86;5.4;5;0;0;0.13;0.2;0;0.1;0.57
anger;87;4.9;5.3;0.1;0;0.37;0.26;0.12;0;0.16
joy;86;7.9;4.5;0;0;0;0.79;0;0.12;0.09
surprise;86;7.5;5.1;0;0;0;0.6;0;0.3;0.1
disgust;87;2.8;5.5;0;0.555556;0.17;0.07;0.12;0.02;0.07
fear;87;4.6;5.2;0.1;0;0.3;0.03;0.17;0.23;0.17
joy;87;7.8;4.1;0;0;0;0.67;0.03;0.2;0.1
sadness;87;2.7;3.1;0;0.033333;0.07;0;0.83;0;0.07
surprise;87;7.2;4.8;0;0;0;0.63;0;0.2;0.17
surprise;88;7.8;6.9;0;0;0;0.47;0;0.43;0.1
fear;88;5.5;5;0;0;0.1;0.07;0.13;0.13;0.57
sadness;88;5.5;5.5;0.02;0;0.02;0.07;0.66;0.07;0.17
anger;88;5.7;6.1;0.08;0;0.22;0.17;0.02;0.23;0.28
anger;89;2.8;5.7;0.24;0.138889;0.24;0;0.18;0.07;0.13
joy;88;7.5;6.3;0;0;0;0.43;0;0.2;0.37
disgust;88;6.4;6.3;0;0.266667;0;0.27;0;0.07;0.4
disgust;89;3.7;4.6;0;0.466667;0;0.1;0;0;0.43
fear;89;6.7;5.6;0.02;0;0;0.33;0.16;0.07;0.42
anger;90;5.9;6.5;0;0;0.56;0.09;0;0.32;0.03
surprise;89;7.3;5.8;0;0.066667;0.02;0.36;0;0.46;0.1
disgust;90;3.9;4.4;0;0.4;0;0.17;0.13;0.1;0.2
fear;90;2.8;5.1;0.12;0.188889;0.33;0;0.29;0;0.07
joy;89;5.9;5.3;0.07;0.1;0.16;0.1;0.1;0.26;0.22
sadness;89;3.9;5.2;0;0.266667;0.03;0.02;0.52;0.02;0.13
surprise;90;5.5;5.9;0;0.133333;0.1;0.17;0.17;0.23;0.2
joy;90;7.5;5.8;0;0;0;0.7;0;0.2;0.1
sadness;90;3.9;5.8;0;0.066667;0.03;0;0.8;0;0.1
joy;91;6.7;4.4;0;0;0.13;0.73;0;0.03;0.1
sadness;91;5.2;4.8;0.07;0;0;0.27;0.33;0.07;0.27
surprise;91;7.5;3.7;0;0.033333;0.07;0.73;0;0.03;0.13
fear;91;3.7;4;0;0.066667;0.17;0;0.23;0;0.53
anger;91;5;5;0;0;0.13;0.43;0.23;0.17;0.03
disgust;91;4.7;4.5;0.06;0.022222;0;0.23;0.09;0.07;0.53
anger;92;2.9;6.4;0.17;0.1;0.2;0;0.4;0.07;0.07
disgust;92;4.5;5.3;0.03;0.333333;0.09;0.12;0.07;0.06;0.3
fear;92;2.7;5;0.19;0;0.66;0;0.06;0.03;0.07
surprise;92;5;5.4;0.02;0.133333;0.1;0.26;0;0.36;0.13
joy;92;7.6;4;0;0;0;0.53;0;0.17;0.3
fear;93;4;5.7;0.03;0.166667;0.42;0.09;0.07;0.02;0.2
sadness;92;2.1;5.3;0.03;0.055556;0.06;0;0.86;0;0
surprise;93;7.1;3.8;0;0;0.1;0.53;0;0.13;0.23
joy;93;7.3;4.7;0;0.066667;0;0.57;0.07;0.13;0.17
anger;93;3.8;5.2;0.23;0.155556;0.46;0;0.16;0;0
disgust;93;3.7;4;0.03;0.366667;0.13;0;0.07;0;0.4
sadness;93;2.1;5.7;0;0.1;0.33;0.1;0.37;0.1;0
anger;94;5.3;5;0.03;0;0.06;0.3;0.19;0.12;0.3
disgust;94;2.8;4.7;0;0.388889;0.26;0.07;0.13;0.02;0.13
disgust;95;5.3;4.1;0;0.233333;0.13;0.22;0.03;0.09;0.29
joy;94;8.1;5.9;0;0;0;0.68;0.02;0.26;0.04
fear;94;3.8;4.4;0;0;0.4;0.03;0.13;0.1;0.33
surprise;94;6;5.4;0.07;0;0.13;0.16;0.1;0.39;0.16
anger;95;5.7;4.9;0.03;0;0.23;0.27;0.3;0.1;0.07
sadness;94;5.6;5.1;0;0;0.17;0.2;0.37;0.03;0.23
fear;95;6.1;3.7;0;0;0.27;0.3;0.13;0.03;0.27
anger;96;5.5;6.1;0.07;0;0.23;0.36;0;0.19;0.16
surprise;95;6.5;4.5;0;0;0.07;0.43;0;0.27;0.23
joy;95;7.9;6.9;0.03;0;0;0.73;0.07;0.03;0.13
joy;96;7.5;7.2;0;0;0.1;0.8;0;0.03;0.07
sadness;95;6.2;6;0;0;0;0.5;0.27;0;0.23
disgust;96;3.9;3.9;0;0.333333;0.07;0.13;0.07;0.1;0.3
fear;96;5.8;6;0;0.066667;0.2;0.19;0;0.36;0.19
surprise;96;6.6;7.2;0;0;0;0.42;0;0.29;0.29
sadness;96;5.5;5.3;0.03;0.1;0;0.1;0.07;0.27;0.43
fear;97;4.6;5;0.07;0.088889;0.09;0.07;0.16;0.23;0.3
sadness;97;4.3;4.8;0.1;0.055556;0.12;0;0.52;0;0.2
joy;97;6.9;5.5;0;0.033333;0.03;0.57;0;0.13;0.23
surprise;97;5.9;6.2;0;0.066667;0.19;0.26;0;0.36;0.13
anger;97;2.2;4.9;0.1;0.155556;0.59;0;0.12;0.03;0
disgust;97;4.1;4.9;0;0.555556;0.12;0.07;0.02;0.1;0.13
anger;98;4.6;4.9;0.03;0.122222;0.19;0.13;0.09;0.17;0.27
disgust;98;2.5;5;0.16;0.277778;0.28;0;0.1;0.03;0.16
fear;98;6.3;6.5;0.03;0.033333;0.02;0.12;0;0.49;0.3
sadness;98;6.2;4.7;0;0;0.07;0.47;0.17;0.07;0.23
disgust;99;2.8;6.1;0;0.211111;0.29;0.09;0;0.14;0.27
surprise;98;6.8;5.4;0;0.033333;0.1;0.52;0;0.16;0.19
sadness;99;3.7;5.5;0;0;0.13;0;0.57;0;0.3
surprise;99;6.1;5.3;0;0;0;0.57;0.13;0.03;0.27
anger;99;5.3;5.1;0;0;0.07;0.3;0.23;0.03;0.37
fear;99;6.2;4.3;0;0;0;0.27;0.2;0.03;0.5
joy;98;7.1;4.4;0;0;0;0.6;0;0.13;0.27
joy;99;7.1;3.8;0;0;0;0.7;0;0.03;0.27
joy;100;7.3;4.6;0;0.033333;0.07;0.6;0;0.1;0.2
disgust;100;2.5;6.4;0.06;0.344444;0.41;0;0.03;0.02;0.13
anger;100;1.5;6.6;0.09;0.394444;0.12;0;0.39;0;0
fear;100;3.1;5.6;0.07;0.266667;0.5;0.07;0.03;0;0.07
disgust;101;2.6;5.3;0.07;0.5;0.1;0;0.1;0.07;0.17
anger;101;6.2;5.4;0.07;0;0.2;0.4;0;0.27;0.07
fear;101;1.2;6.5;0.07;0.311111;0.51;0;0.07;0.04;0
sadness;100;4.5;4.5;0;0;0.1;0.03;0.43;0.03;0.4
surprise;100;5.3;5.1;0.03;0;0.07;0.13;0.13;0.03;0.6
disgust;102;3.2;3.8;0;0.4;0.13;0.07;0.07;0.07;0.27
surprise;101;5.6;5.2;0.13;0.2;0;0.43;0;0.17;0.07
fear;102;3.4;4.6;0;0.066667;0.38;0.17;0.12;0.12;0.15
surprise;102;6.7;2.9;0;0.066667;0;0.3;0.23;0.13;0.27
joy;101;8.3;5.2;0;0;0;0.67;0;0.17;0.17
sadness;101;5.7;5.3;0;0;0;0.29;0.1;0.26;0.36
joy;102;7.3;6.9;0;0;0.07;0.77;0;0.03;0.13
sadness;102;2;4.9;0;0.033333;0.03;0.07;0.87;0;0
anger;102;3.4;5.5;0.13;0;0.6;0;0.07;0;0.2
joy;103;7;6.1;0;0;0.07;0.63;0;0.23;0.07
fear;103;5;5.5;0.07;0.022222;0.39;0.07;0.09;0.2;0.17
surprise;103;7;6;0;0.033333;0.03;0.5;0;0.33;0.1
anger;103;5.3;6;0.03;0.033333;0.07;0.2;0.27;0.27;0.13
anger;104;3.3;4.5;0.24;0.116667;0.44;0;0.21;0;0
sadness;103;3.1;4.2;0.02;0.1;0.16;0;0.72;0;0
disgust;103;3.1;4.2;0.22;0.388889;0.07;0.03;0.09;0.13;0.07
fear;104;5;4.6;0.03;0.033333;0.33;0;0;0;0.6
disgust;104;3.1;5;0;0.4;0.23;0.1;0;0.13;0.13
surprise;104;5;4.4;0;0.033333;0.13;0.36;0.07;0.19;0.22
fear;105;4.3;5;0.07;0.133333;0.46;0.07;0;0.12;0.16
joy;104;5.9;5;0;0.066667;0.08;0.38;0;0.15;0.32
disgust;105;2.7;4.9;0.07;0.5;0.24;0;0.1;0;0.09
surprise;105;6.5;4.6;0;0;0.02;0.47;0.17;0.17;0.17
joy;105;7.3;5.2;0;0;0.02;0.72;0;0.18;0.08
sadness;104;3.6;4.3;0;0.1;0.1;0.07;0.7;0;0.03
sadness;105;5.3;5.1;0;0.133333;0.08;0.12;0.27;0.25;0.15
anger;105;4.8;5.1;0.08;0.066667;0.12;0.07;0.32;0.18;0.17
disgust;106;3.6;4.6;0;0.466667;0.13;0.07;0;0.03;0.3
surprise;106;7.6;6.1;0;0;0;0.63;0;0.27;0.1
anger;106;1.8;3.8;0.04;0.1;0.27;0;0.41;0.05;0.13
anger;107;4.1;4.9;0.3;0.166667;0.13;0.13;0.07;0;0.2
joy;106;6.5;5;0;0;0;0.5;0;0.27;0.23
fear;106;3.6;4.6;0.02;0.05;0.22;0;0.18;0.07;0.47
disgust;107;2.4;4.1;0;0.466667;0.07;0;0.1;0.03;0.33
sadness;106;4;4;0;0.133333;0.1;0;0.5;0;0.27
fear;107;6.3;5;0;0;0.07;0.33;0.1;0.13;0.37
surprise;107;6.2;4.4;0;0;0.07;0.5;0.13;0.23;0.07
joy;107;7;6.3;0;0;0;0.6;0;0.2;0.2
anger;108;2.1;5.6;0.2;0.066667;0.6;0;0.07;0;0.07
disgust;108;3.3;5.1;0.03;0.366667;0.2;0;0.07;0.07;0.27
sadness;107;3.8;5.4;0;0.033333;0.2;0;0.63;0.1;0.03
sadness;108;2.5;4.6;0;0.1;0.13;0;0.73;0;0.03
fear;108;4.8;4.6;0.03;0.033333;0.2;0;0;0;0.73
joy;108;7.9;5.4;0;0;0;0.67;0;0.23;0.1
surprise;108;8.6;6.7;0;0;0;0.63;0;0.3;0.07
disgust;109;5.9;4.4;0.1;0.233333;0.1;0.2;0;0.1;0.27
anger;109;4.2;3.9;0.07;0.066667;0.1;0.03;0.2;0.13;0.4
fear;109;4.1;4.8;0.07;0;0.07;0.03;0.53;0.1;0.2
disgust;110;5.1;4.5;0.09;0.066667;0.09;0.38;0;0.18;0.2
fear;110;2.6;5.4;0.02;0.188889;0.41;0.03;0.18;0.03;0.13
sadness;109;6.1;3.7;0;0.066667;0;0.19;0.29;0.23;0.22
surprise;109;4.3;4.5;0;0.066667;0;0.07;0.13;0;0.73
anger;110;6;4.6;0;0;0.1;0.37;0.1;0.23;0.2
joy;109;7.5;5.2;0;0;0.07;0.7;0;0.1;0.13
disgust;111;3.4;4.3;0.09;0.355556;0.36;0.03;0.03;0;0.13
sadness;110;7;4.1;0;0;0;0.37;0.23;0.2;0.2
joy;110;3.7;4.7;0.13;0.166667;0.03;0.33;0.03;0.2;0.1
sadness;111;2.9;3.8;0.03;0;0;0.03;0.87;0.03;0.03
surprise;110;5.8;5.2;0;0;0.07;0.43;0.03;0.3;0.17
anger;111;5.7;5.1;0;0;0.32;0.22;0.12;0.13;0.2
joy;111;7;6.6;0;0;0;0.7;0.03;0.23;0.03
surprise;111;6.8;5.6;0;0;0.07;0.43;0.1;0.2;0.2
fear;111;2.6;4.8;0.02;0.05;0.68;0.03;0.15;0;0.07
disgust;112;2.7;4.5;0.07;0.383333;0.14;0;0.39;0.02;0
anger;112;6.7;4.1;0;0;0.1;0.43;0.13;0.13;0.2
fear;112;6;5.8;0.09;0.033333;0.46;0.17;0.07;0.12;0.07
disgust;113;2.8;4.5;0.09;0.522222;0.1;0;0;0.02;0.27
fear;113;4.5;4.2;0;0.088889;0.07;0.02;0.17;0.02;0.63
surprise;112;5;5.1;0;0;0.36;0.21;0.13;0.14;0.16
joy;112;7.8;4.4;0;0;0.03;0.6;0.07;0.2;0.1
sadness;112;3.6;3.8;0;0.022222;0.07;0;0.82;0.02;0.07
anger;113;5.1;5.1;0.1;0.066667;0.27;0.13;0.2;0.07;0.17
surprise;113;7.4;6.4;0.03;0;0;0.7;0;0.2;0.07
joy;113;7.4;6.7;0;0;0;0.7;0;0.1;0.2
surprise;114;5.7;5.1;0;0.2;0.03;0.13;0.07;0.1;0.47
disgust;114;1.8;5.2;0.17;0.6;0;0;0.07;0.07;0.1
fear;114;1.6;5.6;0.05;0.083333;0.68;0;0.02;0.1;0.07
joy;114;7.2;7;0;0;0;0.77;0.07;0.07;0.1
sadness;113;5;4.5;0.02;0.022222;0.16;0;0.47;0.13;0.2
anger;114;6.1;7.3;0;0;0.3;0.27;0;0.23;0.2
sadness;114;4.4;3.9;0;0.066667;0.27;0;0.37;0;0.3
fear;115;2.4;4.4;0.1;0.3;0.27;0;0.17;0.03;0.13
anger;115;4.1;5.1;0;0;0.23;0.17;0.07;0.13;0.4
surprise;115;7.5;5.7;0;0;0;0.38;0;0.34;0.28
disgust;115;2.5;5;0.07;0.266667;0.33;0;0.17;0.07;0.1
sadness;115;4.6;5.3;0;0;0.07;0.13;0.33;0.07;0.4
fear;116;4;4.9;0.1;0.1;0.27;0;0.2;0.03;0.3
anger;116;3.8;4.6;0.23;0;0.3;0;0.2;0.07;0.2
joy;115;6.4;4.2;0.07;0.033333;0;0.33;0.07;0.13;0.37
disgust;116;5;4.5;0;0.1;0.07;0.29;0.03;0.19;0.32
anger;117;4.6;5.8;0.07;0.2;0.1;0.13;0.07;0.13;0.3
surprise;116;6;5;0.07;0.066667;0.03;0.27;0;0.33;0.23
joy;116;8.1;5.2;0;0;0;0.6;0;0.2;0.2
disgust;117;6;4.9;0;0.1;0;0.4;0;0.13;0.37
fear;117;5.3;5.1;0;0.066667;0.1;0.29;0.07;0.32;0.16
sadness;116;3.9;4.4;0.02;0.022222;0.2;0;0.29;0.27;0.2
joy;117;8.6;4.4;0;0;0;0.7;0;0.13;0.17
sadness;117;4.7;5.9;0.03;0.066667;0.03;0.17;0.43;0.13;0.13
surprise;117;7.3;4.3;0.03;0;0;0.5;0;0.27;0.2
anger;118;5.9;4.8;0;0.066667;0.2;0.16;0.13;0.16;0.29
fear;118;6.2;5.4;0;0;0.13;0.3;0.2;0.07;0.3
joy;118;6.8;4;0;0;0;0.57;0.13;0.03;0.27
disgust;118;1.6;6.1;0.1;0.288889;0.47;0;0.08;0.07;0
sadness;118;3.8;4.5;0;0.033333;0.33;0.12;0.33;0.09;0.09
fear;119;5.1;5.3;0;0.066667;0.13;0.17;0.2;0.1;0.33
surprise;118;8.1;7.6;0;0;0.07;0.63;0.03;0.23;0.03
anger;119;4.2;6.1;0;0.1;0.4;0.1;0.07;0.1;0.23
disgust;119;2.6;4.9;0.02;0.416667;0.25;0;0.25;0;0.07
fear;120;5.4;6;0;0;0;0.12;0.76;0.07;0.06
joy;119;7.6;5.9;0;0;0;0.42;0.07;0.22;0.29
surprise;119;6.6;5.1;0;0;0.02;0.22;0.06;0.37;0.33
joy;120;7.7;6;0;0;0;0.52;0.03;0.26;0.19
sadness;119;5.1;5.9;0.03;0;0;0.07;0.73;0.07;0.1
sadness;120;6;4.9;0;0;0;0.2;0.37;0;0.43
anger;120;7.1;5.2;0;0;0;0.33;0.13;0.2;0.33
surprise;120;7.6;6.6;0;0;0;0.57;0;0.27;0.17
disgust;120;3.3;5.4;0;0.366667;0.23;0.07;0.07;0.03;0.23
fear;121;2.8;4.6;0.08;0.05;0.28;0;0.58;0;0
disgust;121;2.7;5.1;0.07;0.222222;0.41;0;0.21;0.09;0
fear;122;4.9;4.8;0.03;0.066667;0;0.1;0.07;0.2;0.53
anger;121;2.8;6.1;0.36;0.066667;0.11;0.07;0.38;0.02;0
anger;122;5.4;7.1;0.05;0.05;0.28;0.27;0.02;0.27;0.07
disgust;122;2.3;5.2;0;0.488889;0.16;0;0.29;0.03;0.03
joy;121;8.1;6.4;0;0;0;0.77;0;0.23;0
sadness;121;3;4.6;0.07;0;0.17;0;0.7;0;0.07
surprise;121;7.1;6.4;0;0;0;0.53;0;0.27;0.2
joy;122;7.7;5.3;0;0;0;0.6;0;0.23;0.17
sadness;122;8.2;4.4;0;0;0;0.42;0.03;0.22;0.32
anger;123;6.7;6.8;0.09;0;0.23;0.29;0;0.19;0.2
disgust;123;4.9;4.9;0.03;0.466667;0.17;0.07;0;0.07;0.2
sadness;123;2.1;4;0.06;0.088889;0.03;0;0.76;0;0.07
fear;123;4.4;5.1;0.1;0.1;0.1;0;0.3;0.13;0.27
joy;123;6.7;3.8;0.03;0;0;0.52;0.07;0.16;0.22
surprise;122;7.9;7.6;0.03;0;0;0.5;0;0.33;0.13
surprise;123;7.6;3.9;0;0;0.03;0.22;0.12;0.28;0.35
fear;124;3.6;4.4;0;0;0.4;0.07;0.27;0;0.27
disgust;124;3.6;4.5;0.03;0.333333;0.07;0;0.13;0.03;0.4
surprise;124;6.8;6;0;0;0;0.5;0.07;0.23;0.2
disgust;125;5.5;4.9;0;0.2;0.03;0.13;0;0.1;0.53
anger;124;4.2;5;0.07;0.166667;0.03;0;0.17;0.07;0.5
anger;125;4.9;5.8;0.07;0;0.43;0.03;0.1;0.17;0.2
sadness;124;2.7;4.2;0;0.066667;0.13;0;0.6;0;0.2
joy;124;7.6;5.9;0;0;0;0.43;0;0.3;0.27
fear;125;4.2;5.3;0.13;0.033333;0.17;0;0.17;0.07;0.43
fear;126;4.5;4.7;0;0.066667;0.4;0.06;0.07;0.19;0.22
surprise;125;4.8;4.6;0;0.1;0.17;0.17;0.07;0.03;0.47
surprise;126;5.7;4.9;0;0.033333;0.17;0.19;0.2;0.16;0.26
joy;125;6.1;4.8;0;0.066667;0.07;0.3;0.1;0.17;0.3
joy;126;6.4;6;0;0.066667;0.07;0.49;0;0.22;0.16
sadness;125;3.1;3.7;0;0.066667;0.03;0;0.83;0;0.07
sadness;126;2.7;2.9;0.07;0.1;0.07;0;0.7;0;0.07
anger;126;5.3;4.6;0.07;0.066667;0.1;0.27;0.07;0.07;0.37
disgust;126;2.9;3;0.19;0.488889;0.07;0;0.12;0;0.13
disgust;127;4.2;5.3;0.07;0.3;0;0.07;0.1;0.07;0.4
fear;127;2.3;6.2;0.17;0.022222;0.72;0;0;0.09;0
surprise;127;6;4.8;0;0;0.07;0.23;0;0.23;0.47
anger;127;3.7;5.7;0.4;0.033333;0.13;0;0.17;0.07;0.2
fear;128;5.7;6.5;0.07;0.066667;0.04;0.02;0.02;0.42;0.37
joy;127;7.5;3.5;0;0;0;0.53;0;0.03;0.43
anger;128;2.4;6.3;0.18;0.15;0.38;0;0.13;0.02;0.13
sadness;127;3.4;4.4;0;0;0.13;0;0.63;0.13;0.1
disgust;128;7.1;4.1;0;0;0.07;0.47;0;0.13;0.33
surprise;128;1.8;4.7;0;0.266667;0.3;0.03;0.23;0.13;0.03
disgust;129;2.6;3.8;0.02;0.555556;0.13;0.03;0.09;0.1;0.07
joy;128;7.6;5;0;0;0;0.6;0;0.23;0.17
joy;129;7;5.7;0;0;0;0.73;0;0.2;0.07
anger;129;3.6;5.4;0.47;0.2;0.09;0.02;0.13;0.02;0.07
surprise;129;5.4;5.4;0;0.066667;0.03;0.23;0.23;0.17;0.27
sadness;128;3.3;3.9;0;0.333333;0.02;0.02;0.27;0.02;0.33
sadness;129;2.3;3.9;0.02;0.066667;0.06;0;0.86;0;0
fear;129;3.5;4;0.02;0.066667;0.62;0;0.09;0.07;0.13
sadness;130;6;4.3;0.02;0;0.02;0.29;0.27;0.13;0.27
disgust;130;2.4;4.7;0.23;0.427778;0.16;0;0.04;0.12;0.02
surprise;130;8;6.5;0;0;0.02;0.57;0;0.31;0.11
fear;130;4.1;5.8;0.15;0.15;0.32;0;0;0.18;0.2
anger;130;4.2;4.8;0.1;0.066667;0.23;0.16;0;0.16;0.29
disgust;131;4.6;5.8;0.03;0.222222;0.16;0.07;0.07;0.16;0.3
fear;131;6.3;5.2;0.06;0.133333;0.06;0.26;0;0.17;0.33
anger;131;2.9;5.3;0.3;0.2;0.3;0;0.07;0.07;0.07
joy;130;7.9;4.9;0;0;0;0.63;0;0.23;0.13
joy;131;6.8;5.2;0;0;0;0.4;0;0.37;0.23
joy;132;6;5.8;0;0;0.12;0.56;0;0.26;0.07
disgust;132;2.9;4.3;0.02;0.455556;0.12;0.1;0;0;0.3
sadness;131;3.7;4.4;0.1;0;0.09;0;0.59;0.02;0.2
surprise;131;6.8;5.6;0;0;0;0.39;0;0.42;0.19
fear;132;4.6;5.8;0;0;0.27;0.2;0.07;0.2;0.27
sadness;132;3.9;4.6;0;0;0.03;0.03;0.43;0.17;0.33
surprise;132;6.8;6.3;0;0;0;0.4;0;0.5;0.1
anger;132;4.6;5.4;0.37;0.033333;0.2;0.07;0.07;0.03;0.23
anger;133;5.7;4.9;0.07;0.033333;0.23;0.07;0.13;0.33;0.13
fear;133;2;6.5;0.06;0.211111;0.58;0;0.16;0;0
joy;133;7.3;3.1;0;0;0;0.63;0;0.1;0.27
anger;134;4.3;4.6;0.2;0.133333;0.17;0.27;0.2;0;0.03
disgust;133;3;4.4;0.12;0.522222;0;0.2;0;0;0.16
sadness;133;6.6;3.8;0;0;0;0.43;0;0.23;0.33
surprise;133;6.3;4.8;0;0;0;0.42;0.16;0.36;0.07
fear;134;3.4;4.7;0.04;0.172222;0.24;0.2;0.15;0.13;0.07
disgust;134;2.8;4.6;0.2;0.2;0;0.07;0.13;0.13;0.27
joy;134;6.9;5.2;0;0.066667;0;0.5;0.03;0.27;0.13
fear;135;4;6.6;0;0.022222;0.32;0;0.52;0.1;0.03
sadness;134;3.3;4.7;0;0;0.13;0.07;0.73;0;0.07
surprise;134;6;5.2;0.07;0;0.13;0.23;0.13;0.27;0.17
joy;135;7.9;3.5;0.07;0;0.07;0.7;0;0.1;0.07
sadness;135;3.8;4.8;0;0.033333;0.03;0.2;0.4;0.1;0.23
anger;135;3.7;5.4;0;0;0.49;0.1;0.09;0.1;0.22
surprise;135;7.4;4.5;0;0;0.2;0.5;0.03;0.07;0.2
disgust;135;3.3;5.6;0;0.5;0.07;0;0.2;0.03;0.2
disgust;136;3.4;4.4;0.02;0.35;0.18;0.17;0.08;0.13;0.07
anger;136;1.5;4.7;0.04;0.033333;0.34;0;0.51;0;0.07
fear;136;6.2;5;0;0;0.2;0.32;0.09;0.16;0.23
fear;137;4.8;4.4;0;0.133333;0.37;0;0;0.1;0.4
joy;136;7.9;6.2;0.07;0;0;0.67;0.07;0.13;0.07
sadness;136;2.8;4.3;0;0.133333;0.17;0;0.37;0.13;0.2
surprise;136;7.1;5.7;0;0;0;0.52;0;0.19;0.29
anger;137;7.1;6.2;0;0;0;0.4;0;0.33;0.27
disgust;137;1.9;4.2;0.07;0.566667;0.13;0;0.13;0;0.1
fear;138;1.4;5.5;0.16;0.311111;0.51;0;0.02;0;0
sadness;137;6.2;4.6;0;0;0;0.33;0.27;0.2;0.2
sadness;138;4.9;5.1;0;0;0.07;0;0.47;0.13;0.33
disgust;138;4;5.1;0.03;0.4;0.23;0;0.03;0.2;0.1
joy;137;8.3;6.2;0;0;0;0.7;0;0.3;0
surprise;137;7.9;7.3;0;0;0;0.27;0.03;0.7;0
surprise;138;7.6;5.4;0.07;0;0;0.53;0;0.3;0.1
joy;138;8.3;3.9;0;0;0;0.73;0;0.23;0.03
anger;138;3.5;5.3;0;0;0.1;0;0.77;0.07;0.07
disgust;139;3.3;4.1;0;0.4;0.03;0;0.17;0;0.4
anger;139;2.7;5.6;0.07;0.066667;0.03;0;0.57;0;0.27
fear;139;5.2;5.1;0;0.066667;0.33;0.2;0;0.2;0.2
fear;140;3.3;4.3;0.13;0.266667;0.07;0.07;0.2;0;0.27
surprise;139;5;4.2;0;0.4;0.07;0.13;0.07;0.07;0.27
sadness;139;4.1;4;0;0;0.07;0.07;0.6;0;0.27
joy;139;7.4;4.8;0;0;0;0.63;0;0.3;0.07
anger;140;6;4.7;0;0.133333;0.03;0.2;0;0.2;0.43
disgust;140;2.7;4.8;0;0.566667;0.03;0.03;0.13;0;0.23
sadness;140;5.9;6;0;0;0.03;0.23;0.33;0.2;0.2
surprise;140;6.1;6.5;0;0;0.22;0.16;0;0.49;0.13
anger;141;4.7;5.2;0;0.055556;0.22;0.16;0.18;0.04;0.34
fear;141;2.8;4.8;0.1;0.388889;0.32;0;0.1;0.02;0.07
disgust;141;1.7;4.4;0.27;0.6;0.07;0;0;0;0.07
surprise;141;8.1;5.8;0;0;0;0.51;0;0.24;0.24
sadness;141;7.2;5.5;0;0.033333;0;0.36;0.22;0.19;0.2
joy;140;7.9;6.2;0;0.066667;0;0.5;0;0.33;0.1
joy;141;8.5;6.1;0.03;0;0;0.5;0;0.4;0.07
anger;142;4.9;5.1;0.07;0.066667;0.4;0.17;0.03;0.13;0.13
surprise;142;4.1;4.7;0.03;0.1;0.2;0.13;0.17;0.13;0.23
fear;142;3;4.8;0.13;0.155556;0.36;0.07;0.19;0.03;0.07
sadness;142;3.1;5.1;0.02;0.2;0.19;0.03;0.32;0.1;0.13
disgust;142;2.2;4.6;0.07;0.4;0.07;0.03;0.3;0;0.13
fear;143;6.1;5.3;0;0;0.07;0.2;0.13;0.27;0.33
anger;143;2.7;5.4;0.34;0.088889;0.54;0;0.02;0;0
disgust;143;3.5;4.9;0;0.566667;0;0;0.2;0.07;0.17
joy;142;8.2;7.2;0;0.066667;0;0.56;0;0.22;0.16
sadness;143;6.6;4;0;0.133333;0;0.5;0;0.03;0.33
sadness;144;3.3;3.9;0.03;0;0.17;0;0.73;0.07;0
surprise;143;8.3;7.6;0;0;0;0.8;0;0.2;0
joy;143;7;4.8;0;0.066667;0;0.57;0;0.1;0.27
joy;144;7.2;6.6;0;0;0;0.57;0;0.3;0.13
anger;144;6.3;6.3;0.07;0;0.3;0.37;0.1;0.17;0
disgust;144;2.9;3.8;0;0.233333;0.3;0;0.4;0;0.07
surprise;144;6.7;4.4;0;0;0.13;0.4;0;0.27;0.2
fear;144;6.3;5.7;0.07;0.255556;0.09;0.2;0.03;0.17;0.19
surprise;145;7.1;5;0;0;0;0.57;0.07;0.23;0.13
disgust;145;4.5;4.6;0.1;0.6;0;0.07;0;0;0.23
fear;145;4.7;5.4;0.13;0.255556;0.39;0;0;0.06;0.17
anger;145;5.8;5.7;0.1;0.033333;0.13;0.57;0;0.1;0.07
anger;146;5.3;5.7;0.07;0;0.22;0.19;0.13;0.22;0.17
disgust;146;3.2;5.9;0.04;0.338889;0.34;0;0.13;0;0.16
fear;146;5.6;5.2;0;0.033333;0.03;0.33;0.17;0.1;0.33
joy;145;4.7;4.2;0.02;0.1;0.02;0.26;0.24;0.03;0.32
sadness;145;4.4;4.8;0;0;0.07;0.03;0.67;0;0.23
fear;147;4.7;5;0.07;0.166667;0.36;0.03;0.02;0.13;0.22
sadness;146;5;4;0;0.022222;0.02;0.1;0.59;0.07;0.2
anger;147;5.4;6.2;0.1;0;0.23;0.17;0.1;0.33;0.07
disgust;147;3;5.2;0.07;0.8;0;0;0;0;0.13
joy;146;7.5;5.1;0;0;0;0.63;0;0.23;0.13
surprise;146;7.3;5.8;0.03;0.033333;0.07;0.63;0;0.23;0
surprise;147;7.4;6.2;0;0;0.09;0.32;0.07;0.46;0.07
joy;147;8.1;6.2;0;0;0;0.83;0;0.17;0
sadness;147;3;4.3;0;0.133333;0;0;0.7;0;0.17
anger;148;2.9;4.9;0.12;0.222222;0.36;0.02;0.06;0.07;0.16
disgust;148;3.9;4.9;0.07;0.133333;0.63;0.07;0;0;0.1
anger;149;7.5;7.9;0;0.1;0;0.46;0.1;0.26;0.09
joy;148;8.2;7.5;0;0;0;0.83;0.07;0.1;0
disgust;149;2.2;4.2;0.1;0.666667;0;0;0.03;0;0.2
fear;148;2;5;0.03;0.055556;0.66;0;0.22;0.03;0
fear;149;4.7;5;0;0.1;0.33;0;0.07;0.23;0.27
sadness;148;5.3;4.7;0;0;0;0.3;0.27;0;0.43
surprise;148;7.7;6.5;0;0;0;0.47;0.07;0.17;0.3
sadness;149;5.7;5;0;0.133333;0.1;0.27;0.07;0.37;0.07
anger;150;3.9;5.5;0.07;0;0.63;0.13;0;0.17;0
surprise;149;6.6;4.4;0;0;0;0.73;0.1;0.13;0.03
surprise;150;7.2;5.7;0;0;0.03;0.46;0.02;0.39;0.1
joy;149;8.3;6.6;0;0;0;0.83;0;0.17;0
fear;150;5.1;5.2;0.16;0;0.32;0.1;0.1;0.2;0.12
sadness;150;5.7;5.3;0.03;0.088889;0.13;0.12;0;0.09;0.53
disgust;150;3;3.6;0.17;0.366667;0.03;0;0.23;0;0.2
joy;150;7.8;5.1;0;0;0;0.57;0;0.43;0
joy;151;7.7;5;0;0;0;0.23;0;0.37;0.4
surprise;151;7.9;4.5;0;0;0;0.27;0.13;0.17;0.43
anger;151;4.6;6.5;0.07;0.022222;0.3;0.02;0;0.26;0.33
disgust;151;5.5;5.8;0;0.066667;0.1;0.07;0.03;0.37;0.37
sadness;151;4.9;4.1;0;0.033333;0.03;0;0.53;0.23;0.17
fear;151;3.4;3.8;0.07;0;0.2;0;0.63;0;0.1
anger;152;3.9;5.9;0.16;0;0.2;0.09;0;0.29;0.27
disgust;152;5.6;5.4;0;0.266667;0;0.03;0;0.23;0.47
fear;152;3.2;5.6;0.05;0.038889;0.15;0.06;0.35;0.16;0.2
surprise;152;4.9;4.6;0;0.166667;0;0.12;0.09;0.23;0.39
joy;152;7.4;4.1;0;0;0.02;0.75;0.02;0.15;0.07
disgust;153;3.2;4.3;0.13;0.533333;0;0;0.13;0;0.2
joy;153;7.1;5;0;0;0.03;0.7;0;0.17;0.1
fear;153;5.1;4.7;0;0.066667;0.1;0.17;0.03;0.1;0.53
surprise;153;6.4;5.5;0;0;0.17;0.27;0.13;0.3;0.13
sadness;152;5.5;5.2;0;0.133333;0;0.32;0.29;0.19;0.07
anger;153;5.3;4.7;0;0;0.2;0.23;0;0.3;0.27
sadness;153;3.5;4.1;0.1;0;0.03;0;0.8;0;0.07
surprise;154;7.8;2.7;0;0;0.07;0.4;0;0.27;0.27
anger;154;6.1;4.7;0;0.066667;0.03;0.3;0.07;0.13;0.4
joy;154;7.1;4.4;0;0;0;0.53;0;0.13;0.33
anger;155;3.9;5.1;0.07;0;0.53;0;0.03;0.3;0.07
disgust;154;4.1;4.7;0.03;0.3;0.1;0.07;0.07;0.23;0.2
fear;154;2.6;5.4;0.1;0.066667;0.53;0;0.23;0.07;0
sadness;154;4;4.6;0.07;0.2;0.03;0.13;0.1;0.1;0.37
disgust;155;4.4;4.8;0;0.333333;0;0;0;0.2;0.47
fear;155;6.9;4.5;0;0;0.07;0.23;0;0.3;0.4
sadness;155;6;4.2;0.03;0.066667;0.03;0.37;0.17;0.07;0.27
surprise;155;3.9;5.3;0;0.366667;0.33;0.03;0.1;0;0.17
anger;156;5.8;4.2;0.1;0.033333;0.1;0.3;0;0.2;0.27
surprise;156;6;3.3;0;0.2;0;0.57;0;0.1;0.13
disgust;156;1.8;5.7;0.03;0.722222;0.13;0;0.06;0.02;0.03
sadness;156;3;4.6;0.03;0.066667;0.1;0;0.73;0;0.07
joy;155;7.1;3.9;0;0;0;0.63;0;0.17;0.2
joy;156;5.8;5.5;0;0.033333;0.13;0.2;0;0.03;0.6
fear;156;6.1;5;0.1;0;0.37;0.13;0;0.17;0.23
anger;157;5.6;5.3;0.09;0.066667;0.37;0.14;0;0.24;0.09
disgust;157;4.6;4.8;0;0.333333;0.02;0.09;0.13;0.22;0.2
surprise;157;3;4.4;0.06;0.388889;0;0.03;0.07;0.27;0.19
fear;157;3.1;4.3;0.07;0.133333;0.37;0;0.2;0.07;0.17
sadness;157;3.8;4.5;0.02;0.088889;0.19;0.13;0.5;0;0.07
joy;157;6.3;5.5;0;0;0;0.37;0.07;0.23;0.33
anger;158;6.8;6.7;0.12;0;0.18;0.31;0;0.21;0.18
disgust;158;2.3;4.3;0.09;0.455556;0.07;0;0.06;0.07;0.27
fear;158;4.3;5.2;0.09;0.133333;0.28;0;0.14;0.09;0.27
anger;159;5.5;5.5;0;0;0.16;0.49;0.02;0.1;0.23
disgust;159;2.1;3.9;0.05;0.646667;0.01;0.03;0.18;0;0.08
sadness;158;2.7;4.1;0.09;0.022222;0.17;0;0.72;0;0
surprise;158;6.5;5.4;0.02;0;0.07;0.2;0.02;0.59;0.1
fear;159;4.1;4.6;0.02;0.088889;0.37;0.07;0.12;0.2;0.13
joy;158;6.6;4.4;0;0;0;0.49;0.02;0.26;0.23
surprise;159;7.3;6.8;0;0;0;0.47;0;0.47;0.07
joy;159;7;4.7;0;0;0;0.39;0;0.36;0.26
sadness;159;3.1;3.9;0.04;0.038889;0.18;0;0.67;0;0.07
disgust;160;4;6.3;0;0.333333;0.1;0;0.17;0.17;0.23
joy;160;6.2;3.3;0;0;0;0.43;0;0.07;0.5
anger;160;3.5;4.7;0;0.066667;0.4;0;0.27;0;0.27
fear;160;4.5;5.3;0;0;0.37;0.1;0.17;0.03;0.33
sadness;160;3.2;4.5;0.07;0.022222;0.12;0.07;0.66;0;0.07
fear;161;2.7;4.8;0;0.088889;0.39;0;0.46;0;0.07
surprise;160;7;5.2;0;0;0;0.47;0;0.47;0.07
anger;161;2.1;5.6;0.26;0.033333;0.36;0;0.27;0;0.09
disgust;161;3.8;5.2;0.1;0.433333;0.07;0;0.07;0;0.33
surprise;161;6.8;5;0.07;0;0;0.23;0.07;0.27;0.37
sadness;161;2.5;4.6;0.03;0.033333;0.07;0;0.87;0;0
joy;161;5.7;5.9;0;0;0.22;0.29;0.07;0.36;0.07
joy;162;5.7;5.1;0.07;0.022222;0.09;0.44;0.04;0.16;0.18
sadness;162;4;4.7;0.11;0.055556;0.02;0;0.74;0;0.07
surprise;162;5.4;6.8;0;0;0.13;0.2;0.07;0.3;0.3
fear;162;3.1;4.6;0.08;0.116667;0.62;0;0.08;0.1;0
anger;162;6.5;4.1;0;0;0;0.42;0.07;0.22;0.29
disgust;162;2.8;5.5;0.04;0.172222;0.49;0.07;0.14;0.02;0.07
anger;163;4.1;5.8;0.07;0.033333;0.47;0.03;0.07;0.33;0
surprise;163;7;5.1;0.07;0;0;0.57;0;0.33;0.03
anger;164;3;5.5;0.57;0.066667;0.3;0.03;0.03;0;0
disgust;163;5.2;5.6;0;0.455556;0.07;0.12;0;0.29;0.07
fear;163;5.5;4.5;0.03;0.022222;0.2;0.16;0.1;0.22;0.27
sadness;163;4.4;5.4;0.07;0;0.13;0;0.73;0.07;0
disgust;164;2.2;4.4;0.06;0.533333;0.2;0;0.14;0.04;0.02
fear;164;4.9;4.3;0.03;0.133333;0.5;0.1;0.07;0.03;0.13
joy;163;7.1;5.9;0;0;0;0.57;0.07;0.3;0.07
surprise;164;6.3;5.6;0;0;0.09;0.47;0.02;0.2;0.22
anger;165;3.5;5.8;0.2;0;0.4;0.03;0.23;0;0.13
fear;165;2.9;5.8;0.07;0.066667;0.57;0;0.03;0.13;0.13
joy;164;7.3;5.9;0;0;0.07;0.67;0.03;0.2;0.03
disgust;165;2.7;4.1;0.19;0.433333;0.12;0;0.23;0;0.02
joy;165;7.2;5.9;0.07;0.066667;0;0.69;0.02;0.1;0.06
sadness;164;4.2;4.6;0;0.033333;0.3;0.07;0.23;0.2;0.17
surprise;165;6.1;5.8;0;0;0.07;0.5;0.07;0.23;0.13
sadness;165;4;4.8;0;0;0.1;0.07;0.7;0;0.13
fear;166;2.5;3.5;0.02;0.266667;0.39;0;0.26;0;0.07
anger;166;5.5;5.3;0;0.066667;0.07;0.17;0;0.3;0.4
anger;167;1.7;4.6;0.18;0.266667;0.38;0;0.09;0.02;0.07
disgust;166;2.2;5.1;0.07;0.8;0;0;0.03;0.07;0.03
disgust;167;1.9;4.8;0.07;0.8;0;0;0.07;0;0.07
sadness;166;1.8;4.6;0.12;0.033333;0.22;0;0.56;0.07;0
surprise;166;7;4.7;0;0;0.02;0.19;0.07;0.39;0.33
fear;167;3.6;5.3;0.07;0.2;0.23;0;0.03;0.07;0.4
joy;166;6.9;3.8;0;0;0;0.5;0;0.17;0.33
sadness;167;3.6;3.9;0.03;0;0.1;0;0.57;0;0.3
joy;167;7.4;5.1;0;0;0;0.63;0;0.2;0.17
anger;168;5.8;6.1;0;0;0.27;0.23;0.13;0.07;0.3
surprise;167;7.3;5.3;0.07;0;0;0.53;0.1;0.1;0.2
sadness;168;3;4.3;0;0.033333;0.03;0;0.93;0;0
disgust;168;3.5;4.3;0.1;0.622222;0.09;0;0.02;0;0.17
surprise;168;6.8;4.7;0.02;0;0.1;0.39;0;0.16;0.33
fear;168;2.1;5.2;0.03;0.233333;0.63;0.03;0;0.07;0
joy;168;7.8;6.2;0;0;0;0.7;0;0.13;0.17
anger;169;3.3;4.6;0.07;0.066667;0.4;0;0.33;0.03;0.1
anger;170;3.5;6.1;0;0;0.63;0;0;0.1;0.27
joy;169;7.4;4.5;0;0;0.07;0.67;0;0.13;0.13
disgust;169;3.8;5.2;0;0.4;0.13;0.03;0.13;0;0.3
disgust;170;4.5;5.9;0;0.433333;0.13;0.03;0.07;0.03;0.3
fear;169;3;4.8;0.13;0;0.8;0;0;0;0.07
sadness;169;3.9;4.2;0;0;0.07;0.13;0.47;0;0.33
fear;170;2.3;5.5;0.1;0.033333;0.53;0;0.27;0;0.07
surprise;169;5.4;3.9;0;0;0.07;0.36;0.22;0.1;0.26
sadness;170;4.3;4.5;0;0.033333;0;0.02;0.79;0;0.16
fear;171;4.6;5.2;0.02;0.088889;0.16;0;0.2;0.07;0.47
sadness;171;4.7;4.6;0;0.2;0.17;0.1;0.1;0.17;0.27
surprise;170;8.2;5.5;0;0;0;0.5;0;0.43;0.07
joy;170;7.6;6.2;0;0.066667;0;0.5;0;0.3;0.13
joy;171;8.5;6;0;0;0;0.73;0;0.13;0.13
disgust;171;2.5;3.9;0.08;0.466667;0;0.02;0.28;0.07;0.08
surprise;171;7.8;6.9;0;0;0;0.47;0.03;0.3;0.2
anger;171;5.1;5.2;0;0;0.1;0.23;0.1;0.13;0.43
surprise;172;8.3;6.2;0;0.066667;0;0.46;0;0.22;0.26
anger;172;6.3;7.2;0.07;0;0.07;0.47;0;0.3;0.1
fear;172;1.5;6.8;0.22;0.155556;0.28;0;0.18;0.03;0.13
joy;172;7.9;4.9;0;0;0;0.62;0;0.12;0.26
disgust;172;4.1;6.1;0;0.233333;0.33;0.07;0;0.03;0.33
disgust;173;2.3;6;0.19;0.455556;0.06;0;0.1;0;0.2
sadness;172;3.9;6.8;0.11;0.25;0.16;0.12;0.09;0.13;0.13
fear;173;2.4;5.9;0.1;0.3;0.2;0;0.27;0;0.13
anger;173;5.1;7.1;0;0;0.27;0.2;0.07;0.13;0.33
joy;173;7.3;6.1;0.03;0;0;0.5;0;0.3;0.17
disgust;174;2;6.4;0.17;0.5;0.07;0.03;0.13;0;0.1
sadness;173;4.1;3.5;0.03;0;0;0;0.8;0;0.17
sadness;174;2.9;4.7;0.03;0.055556;0.2;0.07;0.43;0.16;0.06
surprise;173;7.3;3.6;0;0.033333;0;0.63;0;0.1;0.23
fear;174;6;4.2;0;0.033333;0.13;0.13;0.2;0.1;0.4
anger;174;6.2;4.8;0.03;0;0.27;0.4;0;0.03;0.27
surprise;174;7.9;6.8;0;0;0.07;0.6;0;0.27;0.07
joy;174;6.2;4.2;0;0;0;0.47;0;0.27;0.27
surprise;175;7.9;7.1;0;0;0;0.58;0;0.31;0.11
disgust;175;4.5;5.4;0;0.411111;0;0.1;0.08;0.06;0.36
fear;175;2.7;6.2;0;0.155556;0.61;0.02;0.13;0.04;0.03
anger;175;6.8;4.9;0;0;0;0.66;0.03;0.12;0.19
fear;176;3.7;6.1;0.03;0.122222;0.21;0.07;0.44;0.03;0.09
anger;176;7.8;6.7;0;0;0.03;0.59;0;0.36;0.02
disgust;176;4.2;4.9;0.02;0.244444;0.04;0.19;0.11;0.03;0.36
joy;175;6.9;4.8;0;0;0;0.63;0;0.17;0.2
sadness;175;4.8;5.3;0;0;0.16;0.26;0.29;0.07;0.23
surprise;176;8.3;5.9;0;0;0;0.6;0;0.27;0.13
surprise;177;4.9;4.6;0;0;0.2;0.13;0.03;0;0.63
joy;176;6.7;4.8;0;0;0.07;0.43;0;0.07;0.43
joy;177;8;4.8;0;0;0;0.67;0;0.13;0.2
anger;177;4.3;5;0.1;0;0.53;0.1;0.03;0.1;0.13
fear;177;1.3;5.5;0.17;0.046667;0.37;0;0.27;0.08;0.07
sadness;176;4.7;3.6;0;0;0;0.13;0.57;0;0.3
sadness;177;3.2;4.2;0.13;0.1;0.1;0;0.3;0.1;0.27
disgust;177;4;4.2;0;0.633333;0;0;0;0;0.37
sadness;178;3.5;4.6;0;0;0.02;0;0.89;0.02;0.07
surprise;178;6.2;4.6;0;0;0;0.63;0.07;0.2;0.1
disgust;178;4.1;5;0;0.366667;0.07;0.23;0.03;0.03;0.27
fear;178;4.3;4.7;0;0.166667;0.72;0.07;0.02;0.02;0
joy;178;6.4;5.4;0;0;0;0.83;0;0.1;0.07
fear;179;5.4;5.3;0;0;0.43;0.3;0.13;0.07;0.07
anger;178;5.9;5.4;0.07;0;0.13;0.57;0;0.17;0.07
disgust;179;2.5;3.1;0.02;0.655556;0;0;0.12;0;0.2
anger;179;4;5;0.03;0.066667;0.6;0.07;0.03;0.07;0.13
sadness;179;3;3.5;0.03;0;0.13;0;0.73;0.03;0.07
sadness;180;4.6;4.3;0;0.033333;0;0.37;0.27;0.13;0.2
surprise;179;2.2;5.5;0.03;0.222222;0.26;0.07;0.22;0.17;0.03
fear;180;4.6;3.4;0;0.122222;0.26;0.07;0.42;0;0.13
joy;179;7.1;4.7;0;0.066667;0;0.6;0.07;0.2;0.07
surprise;180;7.5;4.8;0;0;0;0.57;0.1;0.33;0
joy;180;7.3;4.4;0;0.066667;0;0.6;0;0.2;0.13
anger;180;4.9;4.7;0.07;0.066667;0.36;0.17;0.06;0.13;0.16
disgust;180;2.8;4;0.1;0.366667;0.1;0;0.27;0;0.17
joy;181;7.4;5.8;0;0;0;0.63;0;0.2;0.17
anger;181;4.6;5.3;0.36;0.133333;0.03;0.07;0.02;0.1;0.29
disgust;181;2.5;4.7;0.07;0.566667;0;0;0.13;0;0.23
anger;182;3.2;3.5;0.03;0.033333;0.33;0;0.53;0;0.07
fear;181;5;5.1;0;0;0.2;0.23;0;0.3;0.27
fear;182;5.1;5.2;0.03;0.033333;0.43;0.1;0;0.1;0.3
surprise;181;7.5;6.9;0;0;0;0.77;0;0.07;0.17
sadness;181;7.1;5.5;0;0.033333;0;0.63;0.07;0.17;0.1
disgust;182;4.1;4.3;0.1;0.033333;0.03;0.13;0.43;0.1;0.17
disgust;183;5.2;5.4;0.03;0.333333;0;0.23;0;0.03;0.37
sadness;182;1.8;4.5;0.02;0.088889;0.03;0;0.86;0;0
sadness;183;2.9;4.9;0.03;0.033333;0.1;0;0.8;0;0.03
joy;182;7.2;5.9;0.03;0.1;0;0.39;0.02;0.3;0.16
surprise;182;6.6;5.8;0;0.233333;0;0.2;0;0.3;0.27
anger;183;7.2;5.2;0;0;0.07;0.57;0;0.23;0.13
fear;183;3;6;0;0.122222;0.7;0;0.06;0.06;0.07
surprise;183;7.4;5.3;0;0.066667;0.02;0.35;0.08;0.27;0.22
joy;183;5.8;5.1;0.03;0.1;0;0.1;0;0.3;0.47
joy;184;6.1;4.7;0.07;0;0;0.33;0.07;0.03;0.5
anger;184;5.1;5.5;0.07;0;0.27;0.17;0;0.2;0.3
disgust;184;3.8;4.8;0.09;0.533333;0.03;0.03;0.02;0.07;0.22
fear;184;3.5;5.4;0;0.033333;0.37;0.03;0.33;0.03;0.2
surprise;184;7.3;5.4;0;0;0;0.6;0.03;0.13;0.23
sadness;184;4.9;4.5;0.03;0.066667;0;0.03;0.37;0.07;0.43
fear;185;4.8;4.3;0;0.022222;0.13;0.13;0.02;0.09;0.6
anger;185;5.4;5.8;0.13;0.066667;0.2;0.07;0;0.03;0.5
disgust;185;6.3;6.4;0.03;0.166667;0;0.32;0;0.16;0.32
surprise;185;5.9;6.7;0.07;0;0.17;0.3;0;0.37;0.1
joy;185;7.4;5.6;0;0;0;0.63;0;0.17;0.2
sadness;185;4.2;5.1;0;0;0;0.03;0.6;0.17;0.2
sadness;186;5;5.2;0;0;0.02;0.09;0.67;0.06;0.17
joy;186;6.6;6.6;0;0;0.22;0.46;0;0.16;0.17
surprise;186;7.7;6.2;0;0;0;0.37;0;0.47;0.17
anger;186;5;6.5;0.22;0.066667;0.12;0.3;0.06;0.1;0.13
disgust;186;3.8;4.8;0;0.2;0.03;0;0.37;0.03;0.37
fear;186;6.4;6.8;0;0;0.19;0.39;0.03;0.19;0.2
disgust;187;4.6;5;0.13;0.4;0;0.07;0.07;0.07;0.27
anger;187;5.5;5.7;0.2;0;0.43;0.13;0;0.07;0.17
sadness;187;3.9;5.6;0;0.133333;0.07;0;0.43;0;0.37
fear;187;2.3;5.7;0.13;0.2;0.33;0;0.17;0.17;0
surprise;187;5.9;6.6;0;0;0.13;0.33;0.07;0.13;0.33
disgust;188;2.9;5.1;0.07;0.233333;0.23;0.07;0.1;0.03;0.27
anger;188;4.3;5.7;0.07;0.033333;0;0.07;0.33;0;0.5
fear;188;2.3;4.6;0.17;0.1;0.4;0;0.13;0.07;0.13
joy;187;7.8;5;0;0;0;0.53;0;0.27;0.2
surprise;188;6.7;5.5;0;0;0;0.5;0;0.3;0.2
fear;189;3.6;5.4;0.13;0.066667;0.37;0.17;0.07;0.07;0.13
anger;189;4.8;5.9;0.07;0;0.52;0.09;0.03;0.16;0.13
disgust;189;4.5;4;0.02;0.422222;0.02;0;0;0.03;0.5
sadness;188;4.8;4.8;0;0;0.06;0.16;0.57;0.02;0.2
joy;188;6.1;5.7;0;0.166667;0;0.27;0;0.2;0.37
joy;189;6.2;5.3;0;0.066667;0;0.53;0;0.13;0.27
surprise;189;7.5;5.9;0;0;0.03;0.6;0;0.23;0.13
sadness;189;4.1;4.7;0;0.033333;0;0;0.67;0.1;0.2
anger;190;5;6.2;0.07;0.133333;0.2;0.33;0;0.23;0.03
surprise;190;7.2;5;0;0;0;0.6;0;0.27;0.13
fear;190;2.5;3.9;0.07;0.227778;0.14;0;0.56;0;0
disgust;190;3.2;4.2;0;0.333333;0.23;0.07;0.03;0.07;0.27
fear;191;4;3.8;0;0.1;0.1;0.1;0.4;0;0.3
disgust;191;1.9;4.7;0;0.477778;0.11;0;0.31;0.07;0.03
anger;191;6.1;5.5;0;0;0;0.73;0.03;0.07;0.17
joy;190;7.4;5.9;0;0;0;0.57;0.07;0.23;0.13
sadness;190;1.9;4.5;0.12;0.033333;0.22;0;0.62;0;0
disgust;192;2.5;4.9;0.13;0.566667;0;0;0.03;0;0.27
surprise;191;7.4;7.4;0;0;0;0.37;0;0.23;0.4
anger;192;4.7;5.6;0.1;0;0.3;0;0.33;0;0.27
joy;191;6.5;5.6;0;0;0;0.33;0;0.37;0.3
sadness;191;3.2;5.5;0.02;0.022222;0.16;0;0.71;0;0.09
surprise;192;7;6.4;0.13;0;0;0.4;0;0.17;0.3
fear;192;5;5.6;0.03;0.1;0.47;0;0;0.2;0.2
joy;192;7.6;5.9;0;0;0;0.63;0;0.1;0.27
sadness;192;2.7;5.1;0;0.033333;0.03;0;0.8;0;0.13
fear;193;6;4.1;0.07;0;0;0.33;0.03;0.03;0.53
fear;194;6.2;5.2;0.02;0;0.29;0.13;0;0.39;0.17
sadness;193;4.3;4;0;0.033333;0.06;0;0.62;0.07;0.22
anger;193;3.2;5.7;0.63;0.1;0.23;0.03;0;0;0
disgust;193;6.1;5;0;0.266667;0;0.37;0;0.03;0.33
anger;194;2.7;7;0.12;0.122222;0.52;0;0.23;0;0
surprise;193;8.3;4.7;0;0;0;0.67;0.07;0.13;0.13
disgust;194;4.8;5.1;0;0.266667;0;0.2;0.07;0.23;0.23
joy;193;7.9;4.9;0;0;0;0.83;0;0.1;0.07
surprise;194;6.9;6.9;0.03;0;0;0.33;0.03;0.23;0.37
sadness;194;2.4;4.9;0;0;0.07;0;0.87;0;0.07
joy;194;7;7.2;0;0;0;0.43;0;0.37;0.2
joy;195;6.4;6.1;0;0;0;0.37;0.07;0.17;0.4
surprise;195;7;6.8;0;0;0;0.49;0.07;0.22;0.22
sadness;195;4.7;5.2;0;0;0.03;0.33;0.23;0.07;0.33
anger;195;7;7;0;0;0;0.37;0.03;0.23;0.37
disgust;195;2;4.8;0;0.5;0.1;0;0.27;0.13;0
fear;195;6.2;5.7;0;0;0;0.33;0.07;0.13;0.47
anger;196;5.5;4.6;0;0;0.1;0.16;0.2;0.19;0.36
disgust;196;2.8;4.4;0.12;0.427778;0.08;0.02;0.08;0.06;0.21
sadness;196;2.3;5.1;0.02;0.077778;0.41;0.02;0.38;0.06;0.03
anger;197;5;5.3;0.13;0;0.19;0.19;0;0.19;0.3
disgust;197;4.6;4.2;0.09;0.211111;0.03;0.07;0.06;0.04;0.5
surprise;196;7.4;4.9;0.1;0;0.03;0.66;0;0.12;0.09
fear;196;4.3;3.3;0.07;0.155556;0.16;0.06;0.16;0.08;0.33
fear;197;1.7;5.8;0.17;0.066667;0.57;0;0.17;0.02;0
joy;196;6.9;5.7;0.07;0;0.03;0.33;0;0.3;0.27
surprise;197;6.2;4.6;0.07;0;0.03;0.27;0.2;0.07;0.37
joy;197;7.8;5.2;0;0;0;0.69;0.02;0.22;0.07
fear;198;1.6;5.8;0.03;0.111111;0.58;0;0.09;0.12;0.07
joy;198;7.8;3.8;0;0;0;0.67;0;0.27;0.07
anger;198;6.2;5.8;0.1;0;0.22;0.22;0.12;0.18;0.17
disgust;198;1.8;5.6;0.12;0.5;0.02;0;0.22;0;0.13
sadness;197;3.8;5.2;0;0;0.19;0.07;0.49;0.12;0.13
surprise;198;7.5;5.5;0;0;0;0.63;0;0.23;0.13
sadness;198;2.5;4.7;0;0;0.13;0;0.8;0.03;0.03
joy;199;6.2;4;0;0;0;0.23;0.07;0.07;0.63
disgust;199;1.6;5.2;0.02;0.483333;0.25;0;0.25;0;0
fear;199;2.9;4.6;0;0.133333;0.4;0;0.2;0;0.27
sadness;199;3.5;3.4;0.03;0.066667;0;0.07;0.77;0;0.07
surprise;199;6.3;3.9;0;0;0;0.43;0.1;0.07;0.4
anger;199;4.2;5.3;0.34;0;0.15;0;0.18;0.16;0.17
disgust;200;2.3;5.2;0.22;0.377778;0.11;0;0.09;0;0.2
fear;200;6.4;4;0;0;0;0.53;0.1;0.03;0.33
anger;200;4.4;5.5;0;0;0.47;0.1;0;0.33;0.1
sadness;200;2.4;5.9;0.02;0.1;0.52;0;0.32;0;0.03
joy;200;6.7;3.2;0;0;0.03;0.63;0;0.03;0.3
fear;201;4.6;5.6;0.1;0;0.2;0.13;0.2;0;0.37
surprise;200;7.1;6.2;0;0;0.07;0.53;0;0.3;0.1
joy;201;5.5;5.2;0;0.033333;0;0.53;0.13;0.07;0.23
anger;201;5;4.8;0;0;0.13;0.33;0.03;0;0.5
disgust;201;3.6;4.4;0.02;0.2;0.16;0.23;0.09;0;0.3
sadness;201;3.2;4.9;0.03;0;0.07;0.07;0.77;0;0.07
surprise;201;7.3;6.4;0;0;0;0.73;0;0.17;0.1
disgust;202;3.4;4.4;0;0.366667;0;0;0.23;0;0.4
sadness;202;3.7;3.6;0;0;0.07;0;0.73;0;0.2
fear;202;4.8;5.5;0.02;0;0.39;0.03;0.12;0.17;0.27
anger;202;1.6;5.2;0.08;0.233333;0.33;0;0.2;0.02;0.13
joy;202;5.5;5.1;0;0.066667;0;0.37;0;0.1;0.47
disgust;203;3.8;5.3;0.03;0.333333;0.13;0.03;0;0.03;0.43
surprise;202;6.6;5;0;0.066667;0;0.53;0;0.23;0.17
anger;203;3.1;4.4;0.03;0.366667;0;0;0.23;0.13;0.23
fear;203;4.9;4.8;0;0.233333;0.26;0.02;0;0.09;0.4
fear;204;1.8;5.3;0.47;0;0.47;0;0;0;0.07
disgust;204;4.2;4.8;0;0.333333;0;0.07;0;0.03;0.57
surprise;203;5.7;4.7;0;0;0;0.29;0.37;0.12;0.22
joy;203;7.5;4.9;0;0;0;0.6;0;0.1;0.3
anger;204;4.7;5.4;0.03;0.1;0;0.1;0;0.2;0.57
sadness;203;3.6;4;0.02;0.016667;0.08;0;0.65;0;0.23
sadness;204;1.8;4.3;0.07;0.033333;0.13;0;0.63;0;0.13
surprise;204;7.7;6.5;0;0;0;0.7;0;0.3;0
joy;204;7.3;4.8;0;0;0;0.67;0;0.17;0.17
disgust;205;2.9;5;0.1;0.366667;0.33;0;0.07;0;0.13
disgust;206;2.3;4.5;0;0.566667;0.13;0;0.13;0;0.17
surprise;205;7.6;6.7;0.07;0;0;0.47;0;0.33;0.13
anger;205;6;5.2;0;0.066667;0.2;0.17;0.07;0.1;0.4
joy;205;5.7;5.4;0;0.066667;0;0.2;0;0;0.73
anger;206;5.7;5.8;0;0.033333;0.03;0.27;0.13;0;0.53
sadness;205;2.8;4.7;0;0.033333;0.03;0;0.77;0;0.17
fear;205;4.6;4.8;0;0.033333;0.4;0.17;0.1;0.07;0.23
fear;206;3.5;5.3;0;0.033333;0.57;0;0.07;0.13;0.2
joy;206;6.7;5.3;0;0;0.07;0.53;0;0.13;0.27
joy;207;6.1;4.7;0;0.2;0;0.23;0;0.13;0.43
sadness;206;5;4.5;0;0;0;0.02;0.62;0.19;0.17
sadness;207;4;3.6;0;0.022222;0;0;0.66;0.02;0.3
surprise;206;6;5.5;0.02;0.033333;0.12;0.27;0.07;0.22;0.27
anger;207;5;5.7;0.07;0;0.33;0.07;0.1;0.3;0.13
surprise;207;7.3;7.2;0;0;0.02;0.59;0;0.36;0.03
disgust;207;1.6;3.5;0;0.711111;0.16;0;0.02;0.04;0.07
fear;207;2.9;4.3;0.02;0.411111;0.24;0;0.17;0.09;0.07
surprise;208;7.9;6.9;0;0;0;0.67;0;0.27;0.07
joy;208;8.5;5.2;0;0.022222;0;0.72;0;0.19;0.07
disgust;208;1.9;4.3;0.1;0.533333;0;0;0.1;0;0.27
sadness;208;4.8;4.6;0;0.066667;0;0.07;0.2;0;0.67
fear;208;4.9;4.1;0;0;0.4;0.17;0.17;0.03;0.23
fear;209;5.6;5.4;0;0;0.13;0.17;0.07;0.1;0.53
anger;208;6.3;5;0;0;0.07;0.33;0.07;0.27;0.27
disgust;209;3.6;4.4;0.07;0.266667;0.07;0;0.17;0.03;0.4
anger;209;2.7;6.2;0.39;0.1;0.26;0;0.12;0;0.13
sadness;209;3.3;3.9;0;0.1;0.1;0.02;0.66;0.07;0.06
anger;210;3.3;5.6;0.33;0.1;0.43;0;0.03;0.07;0.03
disgust;210;3.2;5.8;0.1;0.535556;0.2;0.07;0.01;0.01;0.07
surprise;209;6.6;4.2;0;0.066667;0.07;0.32;0.07;0.26;0.22
surprise;210;7.2;4.5;0;0;0;0.62;0;0.16;0.22
fear;210;3.9;4.5;0.07;0.133333;0.17;0.13;0.03;0.07;0.4
joy;209;7.3;4.8;0.07;0;0;0.43;0;0.37;0.13
joy;210;8;3.9;0;0;0.03;0.7;0;0.2;0.07
sadness;210;4;5.1;0.07;0.022222;0.09;0.03;0.66;0;0.13
joy;211;7.2;5.6;0;0.066667;0;0.5;0;0.13;0.3
fear;211;2.3;4.5;0.47;0.066667;0.17;0;0.23;0;0.07
anger;211;4.3;4.9;0.67;0.066667;0.1;0;0.03;0.07;0.07
sadness;211;6.4;5.6;0;0.133333;0;0.27;0.07;0.23;0.3
surprise;211;7.3;5.9;0;0.066667;0;0.5;0.07;0.17;0.2
anger;212;4.2;4.2;0.07;0.1;0.1;0.2;0.03;0.17;0.33
disgust;211;4;5;0.07;0.266667;0.2;0.07;0.13;0.13;0.13
disgust;212;1.6;4.4;0.1;0.566667;0.13;0;0.13;0.07;0
fear;212;3.8;5;0.07;0.066667;0.53;0;0.2;0;0.13
anger;213;6.5;5.1;0.13;0.066667;0.13;0.3;0;0.33;0.03
disgust;213;4.5;4.7;0.07;0.433333;0.07;0;0.17;0.07;0.2
fear;213;3.9;4.5;0;0.055556;0.41;0.17;0.09;0.14;0.13
surprise;212;7.9;5.4;0;0;0.07;0.57;0;0.3;0.07
sadness;212;6.7;5.8;0;0;0;0.47;0.03;0.23;0.27
joy;212;7.5;5.8;0;0.088889;0.07;0.56;0;0.13;0.16
surprise;213;6.9;5.5;0;0;0;0.43;0.1;0.33;0.13
joy;213;5.8;6.1;0;0;0.12;0.32;0.1;0.42;0.03
sadness;213;7.4;5.5;0;0;0;0.62;0.12;0.19;0.07
fear;214;1.9;4.4;0.1;0.155556;0.66;0;0.02;0;0.07
anger;214;4.6;5.5;0.02;0.055556;0.06;0.2;0.17;0.1;0.4
disgust;214;3.1;4.2;0;0.333333;0.03;0;0.23;0;0.4
fear;215;5.3;5;0;0;0.16;0.36;0.13;0.16;0.2
surprise;214;6.6;5.5;0;0.066667;0.07;0.37;0.07;0.2;0.23
anger;215;5.3;5.7;0;0.033333;0.43;0.07;0.07;0.2;0.2
sadness;214;3.9;4.9;0.03;0.166667;0.1;0.07;0.1;0.03;0.5
disgust;215;1.9;4.4;0.12;0.688889;0.03;0;0.06;0;0.1
joy;214;6.9;5.7;0;0;0.03;0.53;0;0.2;0.23
anger;216;6.2;5.7;0.09;0.033333;0.07;0.32;0.13;0.09;0.27
surprise;215;7.7;6.5;0;0;0;0.6;0.07;0.2;0.13
joy;215;5.8;6.3;0;0;0.1;0.7;0;0.13;0.07
disgust;216;4.8;5.4;0;0.233333;0;0.33;0;0.13;0.3
sadness;215;3.7;5.2;0.02;0.022222;0.1;0.03;0.79;0.03;0
fear;216;3.4;5.3;0.03;0;0.2;0;0.7;0;0.07
joy;216;7.7;6.4;0;0;0;0.6;0.07;0.27;0.07
sadness;216;4;4.5;0.07;0.088889;0.1;0;0.52;0.16;0.07
surprise;216;6.8;5;0;0.066667;0.07;0.6;0;0.1;0.17
disgust;217;2.5;4.7;0.02;0.616667;0.08;0;0.02;0.07;0.2
anger;217;5.1;4.2;0;0.066667;0.17;0.3;0.1;0.1;0.27
sadness;217;5.6;3.7;0;0;0;0.4;0.3;0.03;0.27
disgust;218;1.6;4.7;0.03;0.7;0.07;0;0.17;0;0.03
fear;217;4.8;3.9;0.07;0.066667;0.13;0;0.13;0.13;0.47
fear;218;3.6;3.6;0;0.066667;0.3;0;0.33;0.07;0.23
joy;217;8.4;5.1;0;0;0;0.72;0;0.16;0.12
surprise;217;7.3;3.6;0;0;0.07;0.53;0;0.27;0.13
anger;218;5.8;4;0;0;0.33;0.03;0.2;0;0.43
sadness;218;2.9;5.1;0;0.1;0.23;0;0.4;0;0.27
anger;219;4.5;4.5;0;0.066667;0.2;0;0.5;0.07;0.17
disgust;219;3.5;4.9;0.03;0.5;0.17;0;0.03;0.03;0.23
surprise;218;7.5;5.5;0;0;0;0.57;0;0.2;0.23
sadness;219;3.6;4.6;0;0.066667;0;0;0.8;0;0.13
surprise;219;7.1;6.6;0;0;0;0.5;0;0.4;0.1
fear;219;3.6;4.3;0;0.066667;0.03;0;0.77;0;0.13
joy;218;6.6;5.1;0;0.066667;0;0.67;0;0.13;0.13
joy;219;7.4;6.4;0;0.066667;0;0.6;0;0.2;0.13
anger;220;2.7;5.2;0.3;0.066667;0.63;0;0;0;0
anger;221;3.9;6.1;0;0.066667;0.53;0.07;0.07;0.27;0
disgust;220;3;3.5;0;0.633333;0;0.07;0.07;0;0.23
fear;220;3.6;4.4;0;0;0.53;0.17;0.07;0.03;0.2
fear;221;3.3;3.9;0;0;0.3;0.23;0.23;0.03;0.2
disgust;221;2.5;3.9;0;0.466667;0;0.07;0.07;0;0.4
joy;220;6.1;4.7;0;0.066667;0;0.59;0;0.06;0.29
sadness;220;4;3.6;0;0.033333;0.03;0;0.83;0;0.1
surprise;220;6.2;4.4;0;0.066667;0;0.23;0;0.37;0.33
surprise;221;6.3;5.6;0;0;0.07;0.27;0;0.53;0.13
joy;221;5.4;6.2;0;0;0.13;0.53;0;0.33;0
sadness;221;2.2;3.6;0;0;0.12;0.02;0.83;0.02;0
disgust;222;3;4.1;0.1;0.466667;0.1;0;0.07;0.07;0.2
fear;222;3.6;3.2;0.1;0.066667;0.47;0.07;0.13;0.03;0.13
anger;222;6.1;5;0.07;0.066667;0;0.3;0.07;0.43;0.07
joy;222;7.4;5.1;0;0;0;0.63;0;0.23;0.13
sadness;222;4.6;4;0;0;0.07;0.03;0.7;0.07;0.13
surprise;222;7.7;5.9;0;0;0.03;0.53;0;0.37;0.07
sadness;223;2.6;2.9;0;0.022222;0.02;0.03;0.76;0.03;0.13
fear;223;1.8;3.9;0;0;0.47;0;0.37;0;0.17
joy;223;8.5;5.7;0;0;0;0.43;0;0.4;0.17
surprise;223;7.6;5.9;0;0;0.07;0.27;0;0.5;0.17
fear;224;1.7;4.8;0.13;0.066667;0.76;0;0.02;0;0.02
disgust;223;2.3;4.1;0.03;0.666667;0.07;0;0.1;0;0.13
anger;223;4.8;3.9;0;0;0.17;0.2;0.07;0.2;0.37
disgust;224;3.9;4.5;0;0.333333;0.07;0;0.23;0.07;0.3
anger;224;3.8;4.1;0;0.133333;0.07;0.07;0.43;0.03;0.27
joy;224;7.3;5.3;0;0;0;0.8;0;0;0.2
surprise;224;5.3;4.7;0.07;0.1;0.17;0.23;0.07;0.23;0.13
anger;225;6.1;5;0;0.033333;0;0.33;0.2;0.13;0.3
disgust;225;3;4.9;0.13;0.466667;0.07;0;0.07;0;0.27
sadness;224;4.5;5.3;0;0.133333;0;0.07;0.53;0;0.27
surprise;225;6.6;6.1;0;0;0;0.43;0.07;0.23;0.27
sadness;225;3.8;5.2;0;0.066667;0.07;0;0.73;0.07;0.07
joy;225;7.3;5.7;0;0;0;0.57;0;0.23;0.2
fear;225;3.4;5.3;0;0.266667;0.27;0.13;0.07;0.13;0.13
surprise;226;6.3;4.9;0;0;0;0.4;0.13;0.13;0.33
sadness;226;5.6;5.6;0;0;0;0.37;0.47;0.03;0.13
joy;226;6.7;4.4;0;0;0;0.47;0;0.2;0.33
anger;226;6;4.5;0.02;0;0.1;0.23;0.02;0.13;0.49
fear;226;3.3;5;0.03;0.233333;0.53;0.03;0.03;0;0.13
disgust;226;3.9;5.2;0.07;0.566667;0.07;0;0.07;0.03;0.2
anger;227;4.2;5.1;0;0.066667;0.33;0.07;0.2;0.1;0.23
disgust;227;3.5;4.6;0.1;0.466667;0.07;0.07;0.17;0;0.13
fear;227;2.7;4.1;0.06;0.388889;0.36;0;0.13;0;0.07
sadness;227;3.1;5.9;0.15;0.15;0.45;0;0.18;0.07;0
disgust;228;3.2;4.9;0.03;0.422222;0.02;0.07;0.19;0;0.27
surprise;227;6.9;5.1;0;0.066667;0;0.49;0;0.22;0.22
surprise;228;7.3;5.7;0;0.066667;0.07;0.6;0.07;0.2;0
joy;227;6.9;5.4;0.07;0;0.07;0.6;0.07;0.07;0.13
fear;228;1.9;5.7;0.18;0.233333;0.37;0;0.19;0;0.03
sadness;228;5.5;4.8;0;0;0;0.27;0.5;0.07;0.17
joy;228;7.1;4.4;0;0;0;0.77;0;0.1;0.13
anger;228;4.4;5.4;0.07;0;0.4;0.07;0.1;0.17;0.2
anger;229;4.7;5.2;0.07;0.133333;0.27;0;0.1;0.13;0.3
surprise;229;6.2;5.7;0;0;0.1;0.3;0;0.27;0.33
anger;230;4.6;6.3;0.53;0;0.13;0.07;0.07;0.07;0.13
joy;229;6.3;5.6;0;0.066667;0;0.5;0.07;0.17;0.2
disgust;229;2.9;4.4;0.03;0.7;0.02;0;0.19;0;0.06
sadness;229;4.9;5.6;0;0;0.02;0.1;0.76;0.1;0.02
disgust;230;3.6;4.8;0.07;0.4;0.23;0;0.1;0;0.2
fear;229;4.8;5.4;0.07;0;0.27;0.1;0;0.23;0.33
fear;230;4.6;5.6;0.03;0.133333;0.27;0.27;0.07;0.2;0.03
anger;231;5.5;4.9;0;0.2;0.03;0.1;0.17;0.07;0.43
sadness;230;3.8;4.2;0.02;0.033333;0.02;0;0.69;0.1;0.13
sadness;231;2.6;3.9;0.09;0.1;0.09;0;0.66;0;0.07
fear;231;4.1;5.8;0.02;0.166667;0.16;0.07;0;0.19;0.4
joy;230;7.3;5.3;0;0;0;0.47;0;0.37;0.17
surprise;230;7.2;6.2;0;0;0.07;0.66;0;0.26;0.02
disgust;231;1.8;3.2;0.03;0.666667;0;0;0.07;0;0.23
joy;231;4.5;5.4;0;0.066667;0.23;0.27;0;0.1;0.33
surprise;231;5.4;5.2;0;0.133333;0;0.29;0;0.36;0.22
sadness;232;3.8;4.8;0;0.166667;0;0.03;0.67;0;0.13
anger;232;4.9;6.9;0.27;0;0.07;0.03;0.13;0.27;0.23
surprise;232;6.1;5.4;0;0;0;0.33;0.02;0.19;0.46
disgust;232;4.3;5;0.02;0.522222;0.12;0.03;0;0.13;0.17
fear;232;1.7;5.9;0.17;0.135556;0.57;0;0.11;0.01;0
fear;233;1.4;6.1;0.14;0.088889;0.56;0;0.18;0.03;0
anger;233;5.1;3.1;0;0;0.27;0.13;0.07;0.03;0.5
disgust;233;6;4.6;0;0.066667;0.07;0.12;0;0.19;0.56
joy;232;7.5;5;0;0;0;0.73;0;0.13;0.13
anger;234;3.6;5;0;0.2;0.02;0.17;0.42;0;0.19
surprise;233;6.6;4.7;0;0;0.03;0.59;0.1;0.19;0.09
sadness;233;2.4;5.4;0;0.033333;0.1;0.03;0.83;0;0
joy;233;5.6;3.9;0;0;0.07;0.36;0.26;0.02;0.3
disgust;234;3.8;5.1;0;0.4;0.13;0.1;0.1;0.07;0.2
surprise;234;7.1;4.1;0;0;0.13;0.42;0.1;0.19;0.16
fear;234;1.6;6.4;0.08;0.205556;0.25;0.03;0.37;0.02;0.03
joy;234;7.1;3.4;0;0;0;0.69;0.03;0.02;0.26
sadness;234;3.4;4.7;0;0;0;0.13;0.67;0;0.2
anger;235;2.1;5.8;0.3;0.166667;0.47;0;0;0.03;0.03
anger;236;6.5;4.8;0;0.066667;0.07;0.53;0;0.13;0.2
joy;235;6.8;3;0;0;0;0.5;0.17;0.1;0.23
disgust;235;3.5;5.3;0.1;0.233333;0.07;0.07;0.13;0.03;0.37
fear;235;6.1;6.2;0;0;0.4;0.2;0.07;0.33;0
sadness;235;4.6;5.2;0.03;0.066667;0.03;0;0.32;0.02;0.52
disgust;236;1.5;5.2;0.15;0.194444;0.39;0.03;0.15;0.08;0
surprise;235;6.9;5.2;0.07;0;0;0.6;0;0.27;0.07
fear;236;4.8;5.4;0;0;0.07;0.2;0.13;0.1;0.5
surprise;236;8.2;4.5;0;0;0;0.63;0;0.1;0.27
joy;236;7.2;5.8;0;0;0;0.67;0.07;0.13;0.13
surprise;237;5;5.1;0.02;0.166667;0.26;0;0.02;0.2;0.33
fear;237;6.9;6.6;0;0;0.09;0.29;0;0.46;0.17
anger;237;6.5;6.2;0;0;0;0.37;0.1;0.13;0.4
sadness;236;4.1;3.7;0;0;0.03;0.1;0.53;0.1;0.23
disgust;237;5;5.3;0;0.366667;0;0.13;0;0.13;0.37
joy;237;7.4;4.9;0;0;0;0.5;0;0.13;0.37
sadness;237;1.8;4.6;0.19;0.066667;0.22;0;0.46;0;0.07
joy;238;5.4;4.8;0;0.266667;0;0.42;0;0.02;0.29
surprise;238;7.2;6;0;0;0;0.47;0;0.27;0.27
fear;238;2.8;5.6;0.2;0;0.49;0.07;0.22;0.02;0
disgust;238;1.5;5.1;0.02;0.25;0.12;0;0.55;0;0.07
sadness;238;2.8;4.4;0;0.066667;0.07;0;0.63;0.07;0.17
anger;238;5.9;5.3;0;0;0.13;0.17;0.1;0.3;0.3
disgust;239;1.5;6.2;0;0.466667;0.33;0;0.03;0.1;0.07
fear;239;5.3;5.3;0;0.066667;0.3;0.3;0.1;0.07;0.17
anger;239;4.9;5.2;0;0.066667;0.07;0.22;0.27;0.16;0.22
anger;240;8.4;6.1;0;0;0;0.6;0.03;0.23;0.13
disgust;240;3.6;5.4;0.17;0.366667;0;0.07;0.03;0.07;0.3
surprise;239;7.1;6.7;0.03;0;0;0.4;0;0.33;0.23
joy;239;7.9;3;0;0;0.07;0.56;0.09;0.19;0.1
joy;240;7.5;3.4;0;0.066667;0;0.63;0;0.1;0.2
fear;240;5.5;5.5;0.13;0.166667;0.17;0.13;0.07;0.23;0.1
surprise;240;8.1;3.6;0;0;0.07;0.57;0.03;0.13;0.2
sadness;239;6.8;3.7;0;0;0;0.37;0.2;0.17;0.27
sadness;240;2.2;4.5;0.07;0.266667;0.33;0.07;0.17;0;0.1
joy;241;7.1;5.6;0;0;0.07;0.37;0;0.2;0.37
fear;241;1.5;4.3;0.12;0.066667;0.56;0;0.19;0;0.07
anger;241;2;4.1;0.33;0;0.53;0;0.13;0;0
sadness;241;4.1;5.5;0;0;0.13;0.13;0.4;0.1;0.23
disgust;241;3.1;4.7;0.1;0.433333;0.07;0;0.07;0;0.33
fear;242;4.1;4.2;0.03;0.066667;0.57;0;0.07;0;0.27
disgust;242;2.9;4.4;0.1;0.3;0.43;0;0.03;0.07;0.07
surprise;241;4;4.3;0.07;0.266667;0.1;0.13;0.07;0.13;0.23
anger;242;2.9;4.4;0.37;0.166667;0.47;0;0;0;0
joy;242;5.4;4.7;0.07;0.166667;0.13;0.23;0;0.17;0.23
surprise;242;6.3;6.2;0;0.033333;0.3;0.27;0;0.27;0.13
anger;243;4.9;6.5;0.1;0.022222;0.36;0.07;0.02;0.17;0.27
sadness;242;3.7;5.2;0.33;0;0.03;0;0.57;0;0.07
sadness;243;3.8;5.3;0.07;0;0;0;0.83;0;0.1
joy;243;6.5;6.3;0;0;0;0.79;0;0.06;0.16
fear;243;5.1;5;0.13;0;0.27;0.07;0.2;0.07;0.27
surprise;243;5.3;6.3;0;0.133333;0.27;0.23;0;0.33;0.03
disgust;243;4;5.8;0.07;0.2;0.13;0;0.2;0.1;0.3
fear;244;5.3;4.3;0;0.033333;0.33;0.23;0;0.13;0.27
joy;244;7.5;3.8;0;0.066667;0;0.7;0.07;0.17;0
fear;245;6;3.9;0;0;0.13;0.2;0.13;0.2;0.33
disgust;244;3.2;3.5;0.07;0.555556;0;0.13;0.09;0.02;0.13
surprise;244;6.4;3.9;0;0;0.22;0.33;0.02;0.22;0.2
sadness;244;5;3.9;0;0;0.1;0.2;0.27;0;0.43
anger;244;6.9;5.5;0.07;0;0.1;0.37;0;0.27;0.2
disgust;245;1.1;4.8;0.07;0.733333;0.07;0;0.07;0;0.07
anger;245;6.8;4.7;0;0;0.03;0.37;0.03;0.17;0.4
surprise;245;7.6;5.3;0;0;0;0.73;0;0.13;0.13
surprise;246;6.3;6;0;0.033333;0.17;0.23;0;0.5;0.07
joy;245;6.8;5;0;0;0;0.47;0.07;0.13;0.33
joy;246;5.3;5;0;0;0.2;0.3;0.2;0;0.3
sadness;245;6.6;6.2;0;0;0.03;0.39;0.17;0.12;0.29
anger;246;4.6;6.2;0.1;0.1;0.23;0;0.23;0.1;0.23
sadness;246;5.2;5.4;0;0;0.07;0.27;0.13;0.17;0.37
disgust;246;5.1;5.7;0.13;0.133333;0.2;0.07;0;0.17;0.3
fear;246;5.7;5.8;0.03;0.066667;0.03;0.43;0;0.23;0.2
joy;247;6.3;5.6;0;0;0;0.39;0;0.29;0.32
disgust;247;3.4;3.7;0.07;0.466667;0;0.07;0;0.07;0.33
sadness;247;2.2;3.7;0;0.033333;0;0;0.8;0.1;0.07
surprise;247;6.1;5.1;0;0.033333;0;0.47;0;0.13;0.37
fear;247;2.7;3.8;0;0.366667;0.27;0;0.27;0;0.1
anger;247;2.2;4.6;0.1;0.1;0.5;0;0;0;0.3
anger;248;6.3;4.6;0;0;0;0.3;0;0.33;0.37
fear;248;2.7;3.8;0.22;0.133333;0.56;0;0;0;0.09
disgust;248;2.2;3.8;0;0.466667;0.27;0;0.07;0;0.2
fear;249;5.1;5.3;0.03;0;0.23;0.3;0.13;0.2;0.1
disgust;249;2;5.5;0;0.666667;0.2;0;0.07;0;0.07
joy;248;7.6;2.8;0;0;0;0.6;0;0.13;0.27
sadness;248;2.4;5.2;0.03;0.033333;0.13;0;0.73;0;0.07
surprise;248;7.9;2.7;0;0;0;0.53;0;0.27;0.2
surprise;249;4.6;5.3;0;0;0.27;0.03;0;0.3;0.4
joy;249;6.8;3.6;0;0;0.07;0.57;0;0.1;0.27
sadness;249;3.8;4.5;0;0.1;0.23;0.02;0.49;0.07;0.09
anger;249;6.3;4.2;0;0;0.13;0.4;0;0.2;0.27
sadness;250;5;3.8;0.1;0.033333;0.23;0.07;0.37;0;0.2
anger;250;5.7;4.9;0.07;0.066667;0.2;0.13;0.07;0.13;0.33
anger;251;2;7.4;0.24;0.116667;0.37;0;0.27;0;0
fear;250;3.3;6.6;0.33;0.166667;0.37;0;0;0;0.13
fear;251;2.9;5.8;0.02;0.1;0.36;0;0.32;0;0.2
disgust;250;5.8;4.3;0.07;0;0;0.23;0.07;0.07;0.57
joy;250;6.7;2.6;0;0;0.07;0.67;0;0;0.27
surprise;250;6.2;4.1;0.03;0;0.02;0.37;0.22;0.07;0.29
disgust;251;4.8;5.6;0;0.322222;0.07;0.06;0.07;0.16;0.33
sadness;251;3.8;4.1;0.07;0.066667;0.03;0.07;0.56;0.12;0.09
surprise;251;7;2.8;0;0.133333;0.07;0.5;0;0.1;0.2
disgust;252;4.3;4.1;0.07;0.2;0;0;0.07;0.07;0.6
joy;251;8;5.3;0;0;0;0.76;0;0.22;0.02
anger;252;4.4;5.6;0.07;0;0.47;0.13;0.03;0.17;0.13
joy;252;7;5.9;0;0;0;0.47;0.03;0.37;0.13
fear;252;3.1;4.8;0;0.266667;0.03;0;0.13;0.13;0.43
sadness;252;2.3;5.2;0;0;0.03;0;0.9;0;0.07
surprise;252;6.8;4.1;0;0.066667;0.03;0.37;0.03;0.23;0.27
disgust;253;7.2;6.6;0.07;0.1;0;0.73;0;0.1;0
fear;253;5.2;5.2;0;0.022222;0.07;0.29;0;0.09;0.53
disgust;254;1.9;5.4;0.13;0.466667;0;0;0.2;0;0.2
joy;253;5.2;5.2;0;0;0;0.3;0.07;0.1;0.53
sadness;253;2.9;4.4;0.02;0.166667;0.09;0;0.66;0;0.07
surprise;253;7;6.1;0;0;0.03;0.67;0;0.17;0.13
anger;253;8.1;5.4;0;0;0;0.67;0;0.13;0.2
fear;254;4.2;4.7;0;0;0.36;0;0.36;0.13;0.16
anger;254;4.9;4.9;0.1;0.066667;0.07;0.17;0.37;0.03;0.2
fear;255;3.9;4.4;0;0.166667;0.43;0.02;0.16;0;0.22
anger;255;3.4;5.6;0.39;0.022222;0.07;0.09;0.02;0.17;0.24
joy;254;7.2;4.7;0;0;0;0.47;0;0.3;0.23
sadness;254;6.5;4.6;0;0.022222;0;0.62;0.09;0.03;0.23
surprise;254;6;5.7;0;0;0.1;0.27;0.07;0.33;0.23
sadness;255;5;5.1;0;0;0.13;0.13;0.5;0.03;0.2
joy;255;6.6;6.3;0;0.1;0;0.43;0.07;0.17;0.23
surprise;255;6.1;5.2;0;0.133333;0;0.33;0.13;0.13;0.27
disgust;255;3;4.8;0.03;0.633333;0.03;0.07;0.1;0;0.13
fear;256;1;7.3;0.21;0.172222;0.61;0;0;0.02;0
anger;256;5.9;4.2;0;0;0;0.33;0.2;0.17;0.3
surprise;256;4.3;4.2;0.09;0.288889;0.13;0.2;0;0.22;0.07
disgust;256;3.3;4.8;0.06;0.488889;0.13;0;0.13;0.06;0.13
sadness;256;4.2;4.2;0;0.105556;0.05;0.13;0.54;0.04;0.13
joy;256;8.4;5.6;0;0.066667;0;0.77;0;0.17;0
anger;257;4.1;5.1;0;0;0.57;0.1;0;0.27;0.07
disgust;257;4;4.6;0.1;0.366667;0.13;0;0.07;0;0.33
fear;257;1.7;6.4;0.09;0.2;0.62;0;0;0.09;0
surprise;257;5.5;6;0.13;0.022222;0.42;0;0.03;0.19;0.2
joy;257;8.3;5;0;0;0;0.63;0.07;0.1;0.2
sadness;257;3.1;5.7;0.03;0.066667;0.2;0;0.4;0.17;0.13
fear;258;2.3;7.4;0.26;0.144444;0.51;0;0;0.02;0.07
joy;258;6.3;5.8;0;0.066667;0;0.3;0;0.3;0.33
sadness;258;5.1;4.3;0;0.066667;0;0.2;0.17;0.13;0.43
surprise;258;8;6.7;0;0;0;0.39;0;0.32;0.29
anger;258;6.6;5.4;0;0;0.07;0.23;0;0.2;0.5
disgust;258;3.3;4.9;0;0.366667;0.07;0;0.2;0.03;0.33
anger;259;7.4;5.4;0;0;0;0.5;0.03;0.37;0.1
sadness;259;4.1;4.7;0.08;0.046667;0.08;0.07;0.51;0.08;0.13
disgust;259;1.6;7;0.32;0.222222;0.43;0;0;0.02;0
anger;260;5.5;6.6;0.07;0.066667;0.09;0.26;0.1;0.26;0.17
surprise;259;7.1;3.9;0;0;0;0.53;0.07;0.2;0.2
fear;259;5;4.6;0;0;0.27;0.17;0.2;0.1;0.27
joy;259;7.6;6.7;0;0;0.02;0.66;0;0.26;0.07
disgust;260;3.3;4.6;0.03;0.355556;0.07;0.07;0.12;0.02;0.33
fear;260;4.4;5.1;0;0.066667;0.5;0.07;0.07;0.27;0.03
fear;261;7.3;6.5;0;0;0.26;0.39;0.03;0.29;0.03
anger;261;5.2;6.3;0.1;0;0.23;0.17;0.07;0.43;0
surprise;260;7.5;5;0;0;0;0.67;0;0.27;0.07
joy;260;7.1;4.6;0;0;0;0.5;0;0.33;0.17
sadness;260;3.6;4.8;0;0.033333;0.07;0;0.77;0.13;0
disgust;261;3.5;5;0.03;0.766667;0;0;0.03;0.07;0.1
surprise;261;4.9;5;0.1;0.2;0.1;0.1;0.07;0.3;0.13
joy;261;6.5;4.8;0;0.066667;0;0.42;0;0.29;0.22
sadness;261;5.5;5;0;0.066667;0;0.4;0.4;0.07;0.07
fear;262;3.7;4.7;0.03;0.033333;0.49;0.12;0.03;0.06;0.23
disgust;262;5.5;4.7;0.03;0.2;0;0.43;0;0.07;0.27
anger;262;5.6;4.8;0.02;0.033333;0.16;0.37;0.19;0.13;0.1
disgust;263;2.4;4.2;0.03;0.433333;0.33;0;0.07;0.07;0.07
fear;263;2.7;4.5;0;0.3;0.36;0;0.12;0.07;0.16
joy;262;8.3;5.6;0;0;0;0.9;0;0.03;0.07
sadness;262;3;4;0.07;0;0.2;0;0.67;0;0.07
surprise;262;8.1;3.7;0;0;0;0.73;0;0.17;0.1
anger;263;2.9;5.5;0.2;0.155556;0.28;0.02;0.11;0.03;0.2
joy;263;7.6;5;0;0;0;0.67;0;0.1;0.23
anger;264;4;4.6;0;0.066667;0.22;0.07;0.19;0.22;0.23
fear;264;3;5.2;0;0;0.7;0;0.07;0.2;0.03
disgust;264;4.7;4.6;0;0.066667;0.07;0.1;0.07;0;0.7
sadness;263;4.5;4;0;0.066667;0;0;0.67;0.07;0.2
sadness;264;3.8;5;0.13;0.1;0.03;0;0.6;0.07;0.07
surprise;263;5.8;4;0;0;0.07;0.3;0.07;0.33;0.23
surprise;264;7;5.2;0;0;0.07;0.5;0;0.27;0.17
joy;264;5.3;5.7;0;0;0.07;0.47;0;0.07;0.4
fear;265;5.6;5.1;0.13;0;0.27;0.2;0;0.17;0.23
anger;265;4.7;4.8;0;0.133333;0.23;0.07;0.2;0.13;0.23
surprise;265;5.2;3.5;0;0.2;0.17;0.07;0.07;0.27;0.23
sadness;265;3.8;4.2;0;0;0.1;0;0.73;0;0.17
disgust;265;6.5;5.2;0;0.133333;0;0.4;0.13;0.1;0.23
anger;266;5.8;4;0;0.133333;0;0.67;0.07;0;0.13
fear;266;5.5;3.5;0;0;0.17;0.27;0.3;0;0.27
joy;265;5.8;3.9;0;0;0;0.27;0.2;0.07;0.47
disgust;266;3.4;3.9;0;0.3;0.37;0;0;0;0.33
joy;266;6.4;6.4;0.07;0;0;0.5;0;0.27;0.17
sadness;266;2.9;4.3;0;0.166667;0.4;0;0.17;0.07;0.2
joy;267;6.8;6.6;0;0.033333;0.03;0.4;0.03;0.4;0.1
surprise;266;6.3;6.2;0;0;0.07;0.4;0;0.27;0.27
sadness;267;5.2;5.2;0;0;0;0.07;0.43;0.1;0.4
anger;267;5.3;5.6;0;0.066667;0.13;0;0.03;0.4;0.37
disgust;267;5.9;5.5;0;0.266667;0.07;0.17;0.07;0.27;0.17
fear;267;5.1;5.5;0;0;0.33;0.2;0.07;0.13;0.27
surprise;267;4;5.7;0.03;0.1;0.3;0.03;0.23;0.17;0.13
fear;268;5;3.9;0;0.066667;0.2;0.07;0.13;0.07;0.47
anger;268;6.6;4.9;0.1;0;0.13;0.47;0.03;0.13;0.13
joy;268;5.9;4.5;0;0;0.07;0.32;0.19;0.09;0.33
anger;269;3.4;5.3;0.16;0.1;0.49;0.07;0.17;0.02;0
fear;269;3.5;4.6;0.03;0.166667;0.27;0;0.13;0.07;0.33
disgust;268;5.8;4.5;0.07;0.233333;0;0.5;0;0.07;0.13
disgust;269;1.9;4.8;0.11;0.422222;0.24;0;0.09;0;0.13
sadness;268;2.6;4.3;0.1;0;0.37;0.13;0.27;0.13;0
surprise;268;7.2;3.8;0;0;0;0.77;0;0.07;0.17
joy;269;6.9;5.5;0;0;0;0.57;0;0.07;0.37
sadness;269;6.9;6;0;0;0;0.49;0;0.16;0.36
surprise;269;5.8;5.2;0;0;0.33;0.23;0.07;0.2;0.17
anger;270;5.1;5.4;0.07;0.066667;0.17;0;0.07;0.07;0.57
joy;270;7.4;5.8;0;0;0;0.63;0;0.07;0.3
disgust;270;3.7;4.8;0;0.533333;0.02;0.09;0.09;0.02;0.24
fear;270;5.2;6.2;0;0;0.53;0;0.07;0.2;0.2
sadness;270;4.6;5.4;0.07;0.166667;0.06;0.03;0.36;0.03;0.29
surprise;270;7.6;5.8;0;0;0.02;0.62;0.07;0.02;0.27
joy;271;5.6;2.9;0;0;0.03;0.33;0.2;0.17;0.27
sadness;271;3.6;3.9;0;0.066667;0;0.03;0.67;0.1;0.13
fear;271;3.6;4.7;0;0.066667;0.09;0;0.32;0.19;0.33
fear;272;6.4;4.9;0;0;0.07;0.6;0.13;0.2;0
disgust;271;4.1;4.5;0;0.5;0;0.17;0.03;0.03;0.27
anger;271;3;6.4;0.42;0.183333;0.02;0.1;0.12;0.1;0.07
surprise;271;7;6.4;0.07;0;0;0.23;0.03;0.5;0.17
anger;272;5.4;5.6;0.16;0.066667;0.09;0.43;0.07;0.09;0.1
disgust;272;3.3;5.1;0.12;0.233333;0.12;0.13;0.16;0;0.23
surprise;272;6.9;6.8;0;0;0.07;0.67;0.07;0.13;0.07
disgust;273;2.6;3.6;0.12;0.522222;0.03;0;0.19;0;0.13
joy;272;7.9;6.7;0.07;0;0;0.53;0;0.33;0.07
sadness;272;2.7;4.2;0.02;0.083333;0.25;0;0.65;0;0
joy;273;7.4;7.5;0;0;0;0.73;0;0.2;0.07
sadness;273;3.2;4.3;0;0.066667;0.27;0;0.57;0.03;0.07
surprise;273;6.3;4.8;0;0.066667;0.07;0.3;0;0.2;0.37
anger;273;3.2;4.5;0.49;0.1;0.19;0;0.12;0.03;0.07
fear;273;4.7;4.7;0;0;0.47;0.1;0.1;0.1;0.23
disgust;274;3.4;4.6;0.1;0.533333;0;0;0.13;0;0.23
joy;274;7.1;4.4;0;0.022222;0.02;0.49;0;0.23;0.23
fear;274;6.6;6.5;0.02;0;0.38;0.12;0.12;0.12;0.23
disgust;275;1.7;5.3;0.02;0.372222;0.19;0;0.39;0.02;0
sadness;274;3.7;5.2;0.02;0.022222;0.21;0;0.61;0.05;0.1
anger;274;2.8;4.7;0.08;0.033333;0.41;0;0.48;0;0
fear;275;6.9;4.5;0;0.033333;0;0.5;0;0.13;0.33
anger;275;6.5;4.8;0;0.033333;0.1;0.4;0;0.2;0.27
surprise;274;4.6;5;0;0.166667;0.3;0.02;0;0.16;0.36
sadness;275;3.8;4.8;0.07;0.066667;0;0.03;0.67;0.03;0.13
sadness;276;3.4;4.2;0.07;0.1;0;0.03;0.57;0.1;0.13
anger;276;5.1;3.4;0;0;0;0.26;0.2;0.12;0.42
surprise;275;5.6;3.5;0;0;0;0.47;0.07;0.23;0.23
surprise;276;5.5;3.7;0;0;0.07;0.43;0.07;0.17;0.27
disgust;276;4.1;4.9;0;0.5;0.03;0.03;0.1;0.03;0.3
fear;276;4.5;4.3;0;0;0.2;0.1;0.27;0.03;0.4
joy;275;5.8;3.9;0;0;0.03;0.47;0;0.1;0.4
joy;276;5.9;4.4;0;0;0;0.53;0.07;0.23;0.17
anger;277;4.3;4;0.1;0.066667;0.13;0;0.57;0;0.13
fear;277;4.5;4.8;0.03;0.233333;0.33;0;0.17;0;0.23
sadness;277;3.6;3.5;0.02;0.066667;0.09;0;0.82;0;0
fear;278;4.6;5.1;0;0;0.2;0.17;0.13;0.17;0.33
disgust;277;4.9;4.7;0.03;0.2;0.23;0;0.17;0.07;0.3
anger;278;6.2;6;0.03;0;0.3;0.13;0;0.33;0.2
joy;277;7.3;4.8;0;0;0;0.67;0.03;0.13;0.17
surprise;277;7.2;5;0;0;0.03;0.5;0.03;0.23;0.2
disgust;278;3.2;4.7;0.1;0.666667;0;0;0.07;0;0.17
anger;279;1.6;4.4;0.23;0.255556;0.17;0.06;0.1;0.03;0.16
sadness;278;2.2;4.6;0.04;0.044444;0.12;0;0.79;0;0
joy;278;5.5;5.2;0;0.066667;0;0.32;0;0.12;0.49
surprise;278;6;5.1;0;0.066667;0.17;0.12;0.1;0.26;0.29
disgust;279;5.1;5.9;0.09;0.155556;0;0.19;0;0.21;0.36
fear;279;3.2;4.2;0.03;0.05;0.75;0;0.15;0;0.02
sadness;279;2;4.1;0.03;0.022222;0;0;0.92;0;0.02
surprise;279;6.9;3.2;0;0.088889;0.07;0.51;0;0.11;0.22
joy;279;7.9;5.1;0;0;0;0.76;0;0.19;0.06
joy;280;8.6;7.4;0;0;0;0.79;0;0.12;0.09
anger;280;4.9;5.4;0;0;0.29;0.07;0.12;0.22;0.3
anger;281;8.1;6.2;0;0;0.03;0.49;0;0.12;0.36
disgust;280;2.5;5.2;0;0.377778;0.39;0;0.09;0.08;0.07
fear;280;3.8;4.1;0.04;0.05;0.07;0;0.77;0;0.07
fear;281;6.3;5.9;0;0;0.03;0.23;0.03;0.4;0.3
sadness;280;6.1;5.1;0;0.033333;0.03;0.37;0.17;0.03;0.37
surprise;280;7.4;5.4;0;0;0;0.43;0;0.13;0.43
disgust;281;2.1;4.6;0.13;0.6;0;0.07;0.13;0;0.07
sadness;281;5.5;2.6;0.07;0.033333;0;0.23;0.37;0.17;0.13
fear;282;2.7;7.1;0.07;0;0.43;0.07;0.17;0.27;0
disgust;282;2;6.3;0.1;0.488889;0.09;0.07;0.16;0.03;0.07
sadness;282;2.1;4.4;0;0.1;0.13;0;0.63;0;0.13
joy;281;6.6;3.7;0;0.066667;0;0.57;0;0.07;0.3
anger;282;6.4;4.1;0;0;0.17;0.17;0;0.4;0.27
surprise;281;7;5.7;0;0.066667;0.07;0.53;0.07;0.23;0.03
joy;282;8.2;5.4;0;0;0;0.8;0;0.17;0.03
surprise;282;6.4;3.8;0;0.066667;0;0.43;0.13;0.07;0.3
joy;283;6.8;6.2;0;0;0;0.63;0;0.23;0.13
fear;283;4.2;4.9;0;0.2;0.32;0.07;0.19;0.12;0.1
sadness;283;4.2;4.3;0;0;0.03;0.07;0.73;0.03;0.13
surprise;283;6.2;6.5;0;0;0.03;0.32;0.07;0.32;0.26
disgust;283;1.3;4.1;0.06;0.433333;0.29;0;0.19;0.03;0
anger;283;3.4;5.1;0.08;0.166667;0.21;0.07;0.28;0;0.2
disgust;284;1.7;3.3;0.03;0.283333;0.05;0;0.55;0.02;0.07
fear;284;5;6.1;0.1;0;0.4;0.03;0.07;0.27;0.13
anger;284;6.5;6.5;0.09;0;0.13;0.47;0;0.22;0.09
joy;284;7.3;3.2;0;0;0;0.77;0;0.07;0.17
disgust;285;4.5;5.4;0.03;0.455556;0.07;0.16;0.07;0.13;0.09
sadness;284;2.6;5.8;0;0;0.13;0;0.87;0;0
anger;285;6.3;5.1;0.03;0;0.03;0.46;0.07;0.29;0.12
surprise;284;5;6.1;0;0.133333;0.23;0.16;0.07;0.32;0.09
fear;285;5.1;5.2;0.07;0.1;0.4;0;0;0.13;0.3
surprise;285;4.1;4.5;0.03;0.1;0.3;0.07;0.36;0.02;0.12
joy;285;8.1;2.7;0;0;0;0.9;0;0.03;0.07
sadness;285;4;4.9;0;0.066667;0.16;0.17;0.36;0.03;0.22
disgust;286;3.1;5.3;0.02;0.366667;0.02;0.07;0.39;0.07;0.07
fear;286;2;4.9;0.03;0.1;0.63;0.07;0;0.07;0.1
sadness;286;3;3.8;0.03;0;0.17;0;0.8;0;0
surprise;286;6.5;2.9;0;0;0.07;0.5;0.07;0.2;0.17
fear;287;4.6;5;0;0.033333;0.23;0.17;0.03;0.17;0.37
joy;286;5.4;4.7;0;0;0.17;0.43;0;0.23;0.17
anger;286;7.2;5.2;0.07;0;0.03;0.37;0.2;0.1;0.23
anger;287;2.2;4.4;0.02;0.033333;0.06;0;0.79;0;0.1
disgust;287;2.1;5.5;0;0.455556;0.26;0.02;0.17;0.1;0
disgust;288;1.8;5.9;0.07;0.25;0.55;0;0.1;0.02;0.02
surprise;287;6.1;5.3;0;0;0.13;0.47;0;0.2;0.2
sadness;287;3.6;5.1;0;0;0.03;0;0.77;0;0.2
surprise;288;5;5.7;0;0.066667;0.43;0.13;0.13;0.07;0.17
anger;288;5.5;5.8;0.2;0;0.2;0.17;0.03;0.1;0.3
joy;287;7.4;5.3;0;0;0;0.77;0;0.17;0.07
fear;288;5.5;5;0.09;0.022222;0.09;0.07;0.27;0;0.47
joy;288;8.5;3.9;0;0;0;0.77;0;0.23;0
sadness;288;5.1;5;0;0.033333;0;0.13;0.3;0;0.53
disgust;289;5.1;5;0.07;0.266667;0.13;0.1;0;0.1;0.33
surprise;289;6.1;5.5;0;0;0;0.23;0.03;0.27;0.47
disgust;290;3.7;4.4;0;0.4;0;0.07;0.4;0.07;0.07
fear;289;4.2;5.2;0.1;0.166667;0.2;0.03;0.07;0.17;0.27
anger;289;4.7;5.7;0.37;0.033333;0.13;0.07;0;0.07;0.33
anger;290;4.6;4.9;0;0.166667;0.13;0;0.1;0.07;0.53
fear;290;3.9;5;0.23;0.1;0.37;0;0.03;0.2;0.07
sadness;289;3.6;4.9;0;0;0.03;0;0.83;0.07;0.07
joy;289;8;5.5;0;0;0;0.83;0;0.17;0
sadness;290;4.8;5.5;0.07;0;0.13;0.1;0.5;0.03;0.17
sadness;291;4.8;4.9;0.03;0.066667;0.1;0.03;0.4;0;0.37
anger;291;4.4;5.9;0.07;0.2;0;0.07;0;0.2;0.47
fear;291;2.9;4.8;0.1;0.111111;0.49;0;0.06;0.19;0.06
joy;290;7.3;6.9;0;0;0;0.63;0.07;0.17;0.13
surprise;290;5;4.9;0;0.066667;0.17;0.2;0;0.27;0.3
disgust;291;4;5.3;0.03;0.3;0.07;0.27;0;0.07;0.27
surprise;291;6;5.3;0;0;0.13;0.37;0.13;0.23;0.13
joy;291;7.4;7.4;0;0.066667;0.07;0.6;0;0.27;0
joy;292;7.2;5.5;0;0;0;0.53;0;0.17;0.3
anger;292;5.2;5.1;0;0.033333;0.07;0.27;0;0.27;0.37
sadness;292;3.3;4.6;0;0.088889;0.02;0;0.76;0.07;0.07
fear;292;6.1;5.5;0;0.022222;0.19;0.23;0.02;0.33;0.2
surprise;292;6.8;5.9;0;0;0.07;0.37;0.03;0.3;0.23
fear;293;5.8;6.2;0.07;0.033333;0.26;0.02;0.06;0.27;0.3
disgust;292;1.8;4;0.2;0.655556;0.02;0;0.02;0;0.1
disgust;293;2.6;4.1;0;0.722222;0.02;0;0.02;0.07;0.17
anger;293;6.9;6.5;0;0;0.22;0.32;0.02;0.3;0.15
surprise;293;6.7;1.9;0;0.066667;0.03;0.43;0.13;0.07;0.27
sadness;293;3.5;5.5;0.25;0.013333;0.15;0;0.38;0.15;0.07
anger;294;6.8;2.2;0.07;0.166667;0.07;0.27;0.07;0;0.37
surprise;294;5.8;3.8;0;0.033333;0.13;0.3;0;0.27;0.27
joy;293;5.4;4;0.07;0;0;0.23;0.03;0.07;0.6
sadness;294;2.7;4.7;0.03;0.188889;0.16;0;0.49;0.13;0
joy;294;5.9;6.4;0.13;0;0.07;0.46;0;0.19;0.16
disgust;294;3.1;4.8;0.13;0.4;0.17;0;0.17;0.07;0.07
fear;294;4.4;6.3;0.13;0.066667;0.43;0.03;0;0.27;0.07
fear;295;7;4.8;0;0;0;0.5;0.07;0.17;0.27
anger;295;2.9;5.8;0;0;0.37;0.07;0.23;0.07;0.27
sadness;295;5.6;6.1;0;0.1;0.07;0.3;0.37;0.1;0.07
disgust;295;1.8;5.3;0;0.366667;0.2;0;0.3;0;0.13
surprise;295;8.1;4.6;0;0;0;0.83;0;0.17;0
fear;296;1.1;7.1;0.12;0.283333;0.38;0;0.15;0;0.07
joy;295;8.6;5.3;0;0;0;0.79;0;0.06;0.16
anger;296;4.8;5.1;0;0.022222;0.16;0.07;0.02;0;0.73
disgust;296;2;5.8;0;0.388889;0.39;0;0.16;0;0.07
surprise;296;5.9;4.2;0.03;0.022222;0.23;0.12;0.1;0.36;0.13
surprise;297;7.3;3.9;0;0;0;0.6;0.03;0.2;0.17
fear;297;3.1;6.3;0.08;0.05;0.38;0.07;0.25;0.1;0.07
sadness;296;4.8;6.2;0.02;0.016667;0.02;0.13;0.45;0.17;0.2
joy;296;7.7;5.2;0;0;0;0.57;0.03;0.27;0.13
anger;297;4.6;6.4;0.02;0;0.47;0.09;0.2;0.16;0.07
sadness;297;3.9;4.2;0.06;0.022222;0.1;0.03;0.66;0.07;0.07
disgust;297;4;5.6;0.03;0.388889;0.13;0.09;0.03;0.09;0.23
joy;297;7.1;5.1;0;0.022222;0;0.52;0;0.26;0.2
disgust;298;4.2;3.7;0.07;0.233333;0.2;0;0.03;0.13;0.33
fear;298;2.6;5.1;0.12;0.066667;0.39;0;0.26;0;0.17
disgust;299;3.8;3.2;0.02;0.15;0.11;0.03;0.34;0.19;0.17
anger;298;5.4;4.9;0.03;0.133333;0.12;0.2;0.06;0.19;0.27
joy;298;7.6;3.7;0;0.066667;0;0.67;0;0.13;0.13
anger;299;5.8;4.7;0;0;0.19;0.27;0.1;0.22;0.22
sadness;298;1.3;3.3;0;0.122222;0.21;0;0.51;0.09;0.07
fear;299;5.4;5.5;0;0;0.27;0.07;0;0.37;0.3
surprise;298;6.6;6.2;0;0;0.24;0.31;0;0.34;0.1
joy;299;7.9;5.9;0;0;0.07;0.63;0;0.13;0.17
joy;300;7.7;6.4;0;0;0;0.8;0;0.07;0.13
sadness;299;3.6;4.7;0.09;0;0.12;0.07;0.56;0.07;0.1
surprise;299;7.7;6.7;0;0;0;0.47;0;0.53;0
anger;300;5.1;5.7;0.03;0.066667;0.07;0.23;0.13;0.3;0.17
disgust;300;4.3;5.2;0.1;0.233333;0;0.22;0.07;0.09;0.29
surprise;300;8.4;6.8;0;0;0;0.7;0;0.17;0.13
sadness;300;5.4;5.8;0.07;0;0.22;0.19;0;0.52;0
fear;300;5.6;5.6;0;0;0.5;0.07;0;0.23;0.2
anger;301;6.2;4;0.1;0;0.07;0.27;0.13;0.03;0.4
disgust;301;4;5.5;0.11;0.411111;0.09;0.07;0.27;0.02;0.03
fear;301;3;4.8;0.02;0.022222;0.27;0;0.66;0.03;0
fear;302;4.2;5.4;0.07;0.083333;0.45;0.08;0.03;0.12;0.17
sadness;301;3.8;4;0.2;0.022222;0.03;0;0.52;0;0.22
disgust;302;4;4.9;0.09;0.455556;0.19;0;0.07;0.07;0.13
joy;301;6.4;4.9;0;0;0;0.27;0.07;0.2;0.47
surprise;301;6.6;6.1;0.02;0.022222;0;0.3;0;0.46;0.2
anger;302;3;6.8;0.21;0.172222;0.39;0;0.09;0;0.13
joy;302;7.1;5;0.02;0.083333;0.08;0.37;0;0.26;0.19
anger;303;1.7;5.8;0.39;0.266667;0.26;0;0.07;0.02;0
disgust;303;4.5;5;0;0.333333;0.03;0.23;0.13;0;0.27
surprise;302;5.6;4.7;0;0.133333;0;0.23;0.07;0.2;0.37
fear;303;5.2;5.4;0;0;0.27;0.03;0.07;0.17;0.47
sadness;302;4.6;4.7;0;0;0.06;0;0.72;0;0.22
surprise;303;7.1;5.5;0;0;0.07;0.33;0.07;0.43;0.1
sadness;303;2.7;3.9;0.02;0.022222;0.16;0;0.77;0;0.03
joy;303;6.3;5.3;0.07;0.066667;0;0.53;0;0.17;0.17
fear;304;5.1;5.1;0;0.155556;0.33;0.02;0.2;0.09;0.2
surprise;304;5.9;5.3;0.07;0;0.2;0.3;0;0.43;0
disgust;304;5.9;6;0;0.2;0;0.2;0;0.23;0.37
sadness;304;4.4;4.2;0.02;0.133333;0.09;0;0.36;0.1;0.3
anger;304;4.1;4.4;0.09;0.355556;0.07;0.09;0.27;0.11;0.02
anger;305;4.5;5.2;0;0.2;0.46;0.12;0;0.16;0.07
disgust;305;3.2;4;0.19;0.488889;0.07;0.03;0.03;0.02;0.17
fear;305;3.8;4.5;0;0.333333;0.27;0;0.1;0.03;0.27
joy;304;7.6;6.7;0;0;0;0.43;0;0.47;0.1
surprise;305;7.6;4.2;0;0;0.07;0.67;0.03;0.2;0.03
sadness;305;2.3;5.4;0;0;0.17;0;0.83;0;0
anger;306;2.4;5.6;0.16;0.033333;0.62;0;0.19;0;0
joy;305;7.2;4.6;0;0;0;0.67;0.13;0.1;0.1
sadness;306;5.3;5.2;0;0.066667;0.07;0.27;0.07;0.13;0.4
disgust;306;3.4;5.2;0.07;0.4;0;0.1;0.13;0.07;0.23
fear;306;2.7;5.4;0;0.155556;0.34;0;0.48;0;0.02
surprise;306;4.4;5.4;0;0.066667;0.6;0.17;0;0.13;0.03
joy;306;8.1;7.9;0;0;0;0.7;0.07;0.23;0
fear;307;4.6;4.9;0.02;0;0.16;0.1;0.2;0.09;0.43
sadness;307;2.5;4.5;0;0.055556;0.03;0;0.89;0.02;0
joy;307;7.5;5.9;0;0;0;0.67;0;0.27;0.07
surprise;307;6;6.2;0;0.066667;0.07;0.39;0.07;0.26;0.16
disgust;307;3.6;4.4;0.02;0.083333;0.15;0;0.07;0.08;0.6
anger;307;3.7;6;0.18;0.155556;0.13;0.02;0.02;0.02;0.47
fear;308;3.5;4.1;0.02;0.066667;0.42;0;0.16;0.11;0.22
anger;308;4.7;5.7;0;0;0.27;0.07;0.12;0.09;0.46
disgust;308;3;5.1;0.03;0.244444;0.39;0.07;0.02;0.04;0.2
sadness;308;3.1;3.8;0.06;0.2;0.19;0;0.19;0.07;0.3
anger;309;5.4;5.6;0.2;0.066667;0.13;0.13;0.03;0.03;0.4
disgust;309;4.6;5.2;0;0.233333;0;0;0.13;0.1;0.53
surprise;308;7.3;5.1;0;0.066667;0;0.37;0;0.37;0.2
sadness;309;1.7;4.4;0.03;0.222222;0.42;0;0.32;0;0
fear;309;3.2;4.1;0;0.1;0.53;0;0.13;0.07;0.17
joy;308;8.1;7.9;0;0;0;0.47;0;0.37;0.17
surprise;309;7;4.9;0.03;0;0.13;0.2;0;0.2;0.43
joy;309;8.5;7.4;0;0;0;0.43;0;0.43;0.13
fear;310;3.8;4.6;0;0;0.6;0;0;0.07;0.33
surprise;310;6.5;4.7;0;0.033333;0.07;0.63;0;0.07;0.2
disgust;310;2.9;3.2;0;0.233333;0.1;0;0.33;0.07;0.27
anger;310;4.3;5.1;0.17;0;0.4;0.13;0;0.17;0.13
anger;311;4.2;5.7;0.03;0.066667;0.53;0;0;0.13;0.23
joy;310;6.3;5.9;0;0;0;0.43;0;0.27;0.3
disgust;311;3.8;4.8;0.03;0.5;0.27;0.07;0;0.07;0.07
sadness;310;3.5;4.1;0;0.033333;0.13;0.03;0.7;0;0.1
fear;311;4.7;4;0.03;0;0.1;0.23;0.23;0;0.4
disgust;312;2.3;6;0;0.422222;0.46;0;0.1;0.02;0
surprise;311;7.8;5.6;0;0;0;0.52;0;0.22;0.26
surprise;312;5.6;6.6;0;0;0.1;0.27;0;0.33;0.3
fear;312;2.1;5.8;0.02;0.016667;0.88;0;0.08;0;0
sadness;311;2.7;3.2;0;0.155556;0.06;0.07;0.62;0.03;0.07
anger;312;2.4;6;0.32;0.033333;0.49;0.07;0.02;0;0.07
joy;311;7.7;7.3;0;0;0.07;0.7;0;0.23;0
sadness;312;4.3;3.2;0.07;0.133333;0;0;0.43;0.07;0.3
joy;312;7;5.7;0;0;0;0.87;0.07;0;0.07
fear;313;5.6;5;0;0;0.06;0.27;0.1;0.16;0.42
joy;313;7.4;3.9;0;0;0;0.59;0;0.16;0.26
anger;313;5.2;5.3;0.08;0.016667;0.21;0.37;0.11;0.12;0.1
surprise;313;6.9;4.5;0;0;0.07;0.79;0;0.02;0.12
anger;314;5.9;5.3;0;0;0.02;0.37;0.07;0.12;0.42
sadness;313;4.1;4.8;0;0;0.13;0;0.63;0;0.23
disgust;313;2.2;5.3;0.1;0.733333;0;0;0.07;0.07;0.03
disgust;314;4.1;5.1;0;0.6;0;0;0;0.1;0.3
fear;314;3;6;0;0.1;0.67;0;0.03;0.07;0.13
disgust;315;2.1;6.1;0.07;0.266667;0.47;0.03;0.07;0.1;0
fear;315;6;4.1;0;0.066667;0.2;0.17;0.2;0.03;0.33
joy;314;7.5;4.6;0;0;0;0.37;0.03;0.3;0.3
anger;315;2.3;5.4;0;0;0.57;0.09;0.26;0;0.09
sadness;314;3.8;4.2;0.03;0;0.03;0.07;0.8;0;0.07
sadness;315;2.4;4.1;0.06;0.088889;0.03;0.03;0.66;0;0.13
surprise;314;4.9;5;0.07;0.066667;0.27;0.11;0.03;0.34;0.11
surprise;315;5.8;5;0;0;0.17;0.13;0.07;0.4;0.23
joy;315;7.1;4;0;0;0;0.36;0.12;0.2;0.32
anger;316;2.7;4.7;0.14;0.183333;0.31;0;0.24;0;0.13
sadness;316;5.5;4.8;0;0.033333;0.1;0.13;0.43;0.07;0.23
fear;316;5.3;5.2;0.27;0.066667;0.4;0.13;0;0;0.13
fear;317;4.6;4.6;0.03;0.266667;0.03;0.03;0.2;0.03;0.4
surprise;316;6.5;6.4;0.07;0.066667;0;0.4;0;0.23;0.23
disgust;316;2.9;3.8;0.07;0.6;0.2;0;0;0;0.13
joy;316;7;4.9;0.03;0;0.03;0.63;0;0.07;0.23
anger;317;4.6;5.4;0.07;0;0.42;0.06;0.03;0.2;0.22
disgust;317;4.4;5.1;0.07;0.366667;0.1;0.07;0;0;0.4
sadness;317;4.3;4.2;0.02;0.022222;0.1;0.07;0.52;0;0.27
sadness;318;7.4;6.1;0;0;0;0.4;0;0.27;0.33
fear;318;4.1;4.4;0.03;0.022222;0.5;0.16;0;0.09;0.2
anger;318;5.7;5.1;0;0;0.29;0.39;0.07;0.19;0.07
joy;317;8.1;7.1;0;0;0.03;0.67;0;0.23;0.07
surprise;317;7.5;6.6;0;0;0;0.43;0;0.5;0.07
joy;318;6.4;7;0;0;0.16;0.62;0;0.19;0.03
surprise;318;6.2;5.9;0;0.066667;0.07;0.47;0;0.23;0.17
disgust;318;4.3;5.7;0.02;0.305556;0.34;0.12;0;0.12;0.1
anger;319;6.2;3.7;0;0.066667;0.07;0.47;0.17;0.07;0.17
joy;319;7.6;5.4;0;0.066667;0.03;0.63;0;0.13;0.13
fear;319;4;4.6;0;0.066667;0.17;0.23;0.2;0;0.33
sadness;319;2.5;3.7;0.06;0;0.09;0;0.86;0;0
disgust;319;2.3;3.4;0.03;0.666667;0.17;0.03;0.03;0;0.07
surprise;319;6.4;3.2;0;0;0.07;0.7;0;0.13;0.1
disgust;320;3.6;4.6;0.03;0.233333;0.03;0;0.27;0.1;0.33
anger;320;6.2;5;0;0.033333;0.16;0.32;0.13;0.19;0.17
fear;320;3.4;4.2;0.03;0.466667;0.13;0;0.2;0;0.17
disgust;321;2;4.9;0.07;0.355556;0.16;0;0.26;0.03;0.13
fear;321;3.5;7.3;0.03;0;0.7;0.03;0;0.23;0
joy;320;6.1;4.7;0;0;0.27;0.33;0.1;0.23;0.07
sadness;320;4;4.2;0;0.022222;0.02;0;0.69;0;0.27
surprise;320;5.8;4.5;0;0.166667;0.07;0.03;0.3;0.23;0.2
joy;321;6.3;6.3;0;0;0;0.77;0;0.17;0.07
sadness;321;3.1;5.4;0;0;0.07;0;0.93;0;0
surprise;321;5.4;6.5;0.07;0.066667;0.07;0.47;0;0.17;0.17
anger;321;5.6;4.9;0;0;0.23;0.3;0.1;0.3;0.07
fear;322;1.2;5.7;0.1;0.155556;0.69;0;0.06;0;0
surprise;322;7.9;3.9;0;0;0;0.27;0.07;0.23;0.43
anger;322;8.1;4.9;0;0;0;0.57;0;0.17;0.27
disgust;322;4.2;3.9;0;0.166667;0.07;0.13;0.27;0.13;0.23
joy;322;7.8;3.2;0;0;0;0.67;0;0.2;0.13
sadness;322;2.7;4.9;0;0;0.1;0.07;0.73;0.07;0.03
anger;323;4.9;5;0;0.066667;0.5;0.13;0.07;0.17;0.07
fear;323;5.9;4.8;0;0;0.33;0.1;0.1;0;0.47
disgust;323;3.9;5.5;0.13;0.333333;0.07;0.07;0.17;0.17;0.07
sadness;323;2.9;5.2;0;0.033333;0.2;0;0.77;0;0
disgust;324;4.7;4.8;0.07;0.133333;0.07;0;0;0.13;0.6
fear;324;5.7;5;0.07;0.033333;0.13;0.23;0.03;0.2;0.3
joy;323;7.1;5;0;0.066667;0;0.47;0;0.2;0.27
surprise;323;6.4;6.5;0;0;0;0.67;0;0.13;0.2
sadness;324;5.3;5.2;0;0.066667;0;0.6;0.07;0;0.27
joy;324;6.6;5;0;0;0;0.53;0;0.07;0.4
surprise;324;7;5;0;0;0;0.67;0;0;0.33
anger;324;4.5;5.8;0.3;0.066667;0;0.2;0.17;0;0.27
anger;325;3.4;4.4;0.07;0.088889;0.39;0.02;0.18;0;0.26
disgust;325;2.1;5.5;0.07;0.305556;0.41;0;0.08;0.07;0.07
disgust;326;1.5;5.8;0.12;0.511111;0.29;0;0.04;0.03;0
surprise;325;7.6;3.5;0;0;0.07;0.66;0;0.16;0.12
fear;325;4.3;6.3;0.1;0.033333;0.63;0.07;0;0.13;0.03
fear;326;4.5;5.9;0.07;0.066667;0.37;0.17;0.03;0.07;0.23
sadness;325;2.8;4.1;0.03;0.2;0.17;0;0.47;0;0.13
joy;325;7.7;5.3;0;0;0.07;0.67;0;0.23;0.03
anger;326;3.8;5.2;0.11;0.222222;0.28;0.1;0.02;0.07;0.2
sadness;326;3.5;4.1;0.03;0.033333;0.1;0.07;0.53;0;0.23
fear;327;3.2;4.1;0;0.166667;0.3;0.03;0.33;0.03;0.13
sadness;327;4;4.2;0;0.066667;0.13;0;0.67;0;0.13
joy;326;6.9;6.1;0;0;0;0.62;0;0.19;0.19
surprise;326;6.1;5.5;0;0.066667;0.03;0.26;0;0.32;0.32
joy;327;6.6;5.7;0;0;0;0.62;0;0.16;0.22
surprise;327;3;4.2;0.03;0.333333;0.3;0;0.07;0;0.27
disgust;327;3.4;4.2;0.1;0.3;0.27;0.03;0.07;0.03;0.2
anger;327;4.1;4.5;0;0.133333;0.23;0.07;0.13;0.03;0.4
disgust;328;4.3;4.9;0.13;0.233333;0.2;0.2;0.07;0;0.17
sadness;328;6.3;4.8;0;0;0.07;0.27;0.13;0.13;0.4
fear;328;6.1;5.4;0;0.066667;0.1;0.27;0;0.27;0.3
fear;329;1.9;5.7;0.02;0.055556;0.66;0;0;0.13;0.13
surprise;328;7.1;5.6;0;0;0.03;0.37;0.03;0.3;0.27
anger;328;6;6;0;0;0.17;0.2;0.07;0.17;0.4
anger;329;6.9;5.7;0;0;0.03;0.47;0.07;0.3;0.13
joy;328;8.2;5.2;0;0;0;0.77;0;0.1;0.13
disgust;329;2.6;5.1;0.07;0.5;0.03;0;0.07;0.07;0.27
fear;330;4.4;5.9;0.12;0.055556;0.37;0.07;0.1;0.09;0.2
surprise;329;7.6;6.2;0;0;0;0.66;0;0.32;0.02
surprise;330;7.5;5.1;0;0;0;0.57;0;0.33;0.1
anger;330;4.8;6.5;0.29;0;0.32;0.06;0.07;0.18;0.09
joy;329;7.7;5.2;0;0;0;0.62;0;0.22;0.16
sadness;329;4.2;4.6;0.08;0.072222;0.32;0.07;0.31;0.02;0.13
disgust;330;4.1;5;0.02;0.355556;0.17;0;0.1;0.02;0.33
joy;330;7.3;5.2;0;0;0;0.72;0;0.12;0.16
sadness;330;3.9;6.2;0.09;0.122222;0.02;0.1;0.3;0.23;0.13
