,art_style,painting,emotion_distribution,split
0,disgust,1,"[0.133333, 0.7, 0.0, 0.0666667, 0.1, 0.0, 0.0]",train
2,fear,1,"[0.1, 0.1, 0.533333, 0.0, 0.133333, 0.0, 0.133333]",val
3,joy,1,"[0.0, 0.0, 0.0, 0.666667, 0.0, 0.266667, 0.0666667]",train
4,sadness,1,"[0.0, 0.0, 0.1, 0.0, 0.9, 0.0, 0.0]",train
5,disgust,2,"[0.0222222, 0.377778, 0.522222, 0.0, 0.0777778, 0.0, 0.0]",train
10,sadness,2,"[0.0333333, 0.0666667, 0.0, 0.0333333, 0.766667, 0.0, 0.1]",train
12,sadness,3,"[0.0, 0.0666667, 0.0, 0.0333333, 0.833333, 0.0, 0.0666667]",train
14,joy,2,"[0.0, 0.0, 0.0, 0.622222, 0.0, 0.188889, 0.188889]",val
16,anger,3,"[0.522222, 0.0333333, 0.133333, 0.0, 0.0888889, 0.0333333, 0.188889]",val
17,joy,3,"[0.0, 0.0, 0.0, 0.544444, 0.0888889, 0.144444, 0.222222]",train
18,joy,4,"[0.0, 0.0, 0.0666667, 0.566667, 0.0, 0.166667, 0.2]",val
22,sadness,4,"[0.0, 0.0, 0.0666667, 0.0, 0.266667, 0.0666667, 0.6]",train
26,fear,5,"[0.0666667, 0.1, 0.833333, 0.0, 0.0, 0.0, 0.0]",train
27,surprise,5,"[0.0, 0.0, 0.0, 0.566667, 0.0, 0.233333, 0.2]",val
34,sadness,6,"[0.0, 0.0, 0.0333333, 0.0666667, 0.633333, 0.0666667, 0.2]",train
37,joy,7,"[0.0, 0.0, 0.0, 0.866667, 0.0, 0.133333, 0.0]",train
39,anger,7,"[0.0888889, 0.0, 0.522222, 0.0333333, 0.0666667, 0.155556, 0.133333]",train
45,joy,8,"[0.0, 0.0, 0.0, 0.566667, 0.0666667, 0.3, 0.0666667]",val
46,joy,9,"[0.0, 0.0, 0.0, 0.6, 0.0, 0.266667, 0.133333]",val
50,sadness,9,"[0.0, 0.1, 0.133333, 0.0, 0.633333, 0.0666667, 0.0666667]",val
56,joy,10,"[0.0, 0.0, 0.0, 0.633333, 0.0, 0.166667, 0.2]",val
62,fear,11,"[0.0666667, 0.0833333, 0.516667, 0.0, 0.0166667, 0.133333, 0.183333]",val
66,joy,11,"[0.0, 0.0666667, 0.0, 0.566667, 0.0, 0.0666667, 0.3]",train
68,sadness,12,"[0.0, 0.0, 0.0333333, 0.0, 0.866667, 0.0, 0.1]",val
71,joy,12,"[0.0, 0.0666667, 0.0, 0.3, 0.0, 0.1, 0.533333]",train
73,fear,13,"[0.0, 0.0666667, 0.177778, 0.0, 0.677778, 0.0777778, 0.0]",train
76,joy,13,"[0.0, 0.0, 0.0, 0.655556, 0.0, 0.288889, 0.0555556]",train
79,sadness,13,"[0.0, 0.1, 0.155556, 0.0, 0.522222, 0.0555556, 0.166667]",val
82,disgust,15,"[0.0, 0.233333, 0.1, 0.0, 0.0333333, 0.0, 0.633333]",train
85,sadness,15,"[0.0, 0.0333333, 0.0666667, 0.0, 0.733333, 0.0, 0.166667]",train
87,fear,15,"[0.0, 0.0, 0.533333, 0.0666667, 0.1, 0.133333, 0.166667]",train
89,joy,15,"[0.0, 0.0, 0.0, 0.566667, 0.0, 0.2, 0.233333]",val
94,anger,16,"[0.0222222, 0.0, 0.522222, 0.0, 0.388889, 0.0333333, 0.0333333]",train
95,sadness,16,"[0.0, 0.0, 0.133333, 0.533333, 0.0666667, 0.0666667, 0.2]",train
98,surprise,16,"[0.0, 0.0, 0.0, 0.733333, 0.0, 0.1, 0.166667]",train
107,sadness,18,"[0.0, 0.0333333, 0.133333, 0.0333333, 0.666667, 0.1, 0.0333333]",train
110,fear,20,"[0.0, 0.0333333, 0.533333, 0.0666667, 0.0666667, 0.2, 0.1]",train
127,anger,22,"[0.116667, 0.0166667, 0.216667, 0.0, 0.583333, 0.0, 0.0666667]",train
134,joy,22,"[0.0, 0.0, 0.0, 0.566667, 0.133333, 0.3, 0.0]",val
137,sadness,23,"[0.0, 0.0, 0.0333333, 0.0666667, 0.533333, 0.133333, 0.233333]",train
138,disgust,24,"[0.133333, 0.566667, 0.0, 0.0, 0.0333333, 0.0, 0.266667]",train
140,sadness,24,"[0.0, 0.1, 0.0, 0.0, 0.8, 0.0666667, 0.0333333]",train
146,disgust,25,"[0.0833333, 0.55, 0.166667, 0.0, 0.15, 0.0333333, 0.0166667]",train
149,sadness,25,"[0.0, 0.0, 0.0, 0.0666667, 0.8, 0.0333333, 0.1]",train
150,joy,25,"[0.0, 0.0333333, 0.0, 0.7, 0.0, 0.166667, 0.1]",train
154,joy,26,"[0.0, 0.0, 0.0, 0.733333, 0.0, 0.166667, 0.1]",train
155,anger,27,"[0.588889, 0.0, 0.355556, 0.0333333, 0.0222222, 0.0, 0.0]",train
159,sadness,26,"[0.0555556, 0.0, 0.0555556, 0.0333333, 0.755556, 0.0, 0.1]",train
160,sadness,27,"[0.0, 0.0, 0.0333333, 0.0333333, 0.9, 0.0, 0.0333333]",train
164,joy,28,"[0.0, 0.0, 0.0, 0.633333, 0.0, 0.1, 0.266667]",train
172,disgust,30,"[0.0666667, 0.633333, 0.0666667, 0.0, 0.0333333, 0.0, 0.2]",train
173,joy,29,"[0.0, 0.0, 0.0, 0.7, 0.0, 0.166667, 0.133333]",train
174,surprise,29,"[0.0, 0.0, 0.0, 0.622222, 0.0, 0.188889, 0.188889]",val
176,sadness,30,"[0.0, 0.0, 0.0, 0.2, 0.166667, 0.1, 0.533333]",train
178,joy,30,"[0.0, 0.0, 0.0, 0.566667, 0.0, 0.166667, 0.266667]",train
179,anger,30,"[0.0, 0.0666667, 0.1, 0.0, 0.0666667, 0.0, 0.766667]",train
181,fear,31,"[0.0, 0.144444, 0.544444, 0.0, 0.0444444, 0.133333, 0.133333]",train
182,joy,31,"[0.0, 0.0, 0.0, 0.533333, 0.0, 0.166667, 0.3]",train
184,surprise,31,"[0.0, 0.0, 0.0, 0.0333333, 0.0, 0.266667, 0.7]",train
186,fear,32,"[0.0, 0.0, 0.133333, 0.0666667, 0.166667, 0.0666667, 0.566667]",train
188,disgust,32,"[0.133333, 0.7, 0.0, 0.0, 0.133333, 0.0333333, 0.0]",train
189,joy,32,"[0.0, 0.133333, 0.0, 0.533333, 0.0, 0.233333, 0.1]",train
190,sadness,32,"[0.0222222, 0.0, 0.122222, 0.0, 0.722222, 0.0, 0.133333]",train
196,fear,33,"[0.15, 0.0, 0.583333, 0.0666667, 0.05, 0.0833333, 0.0666667]",train
200,joy,34,"[0.0, 0.0, 0.0, 0.588889, 0.0, 0.188889, 0.222222]",train
202,disgust,35,"[0.166667, 0.666667, 0.0, 0.0, 0.0333333, 0.0, 0.133333]",train
204,sadness,34,"[0.0222222, 0.0666667, 0.1, 0.0, 0.688889, 0.0222222, 0.1]",val
206,anger,35,"[0.0, 0.0, 0.0, 0.6, 0.0, 0.133333, 0.266667]",train
211,sadness,36,"[0.0222222, 0.0, 0.0888889, 0.0, 0.688889, 0.0, 0.2]",val
213,joy,35,"[0.0, 0.0, 0.133333, 0.566667, 0.0, 0.166667, 0.133333]",train
215,joy,36,"[0.0, 0.0, 0.0, 0.566667, 0.0, 0.233333, 0.2]",val
216,fear,37,"[0.0666667, 0.0333333, 0.733333, 0.0, 0.1, 0.0, 0.0666667]",train
218,anger,37,"[0.0666667, 0.0, 0.0, 0.6, 0.0, 0.166667, 0.166667]",val
219,disgust,37,"[0.0, 0.0666667, 0.0, 0.533333, 0.0, 0.133333, 0.266667]",train
221,joy,37,"[0.0, 0.0, 0.0, 0.733333, 0.0, 0.166667, 0.1]",val
224,sadness,37,"[0.1, 0.122222, 0.0777778, 0.0, 0.633333, 0.0, 0.0666667]",train
226,joy,38,"[0.0333333, 0.0, 0.1, 0.533333, 0.0, 0.133333, 0.2]",train
227,sadness,38,"[0.0, 0.0, 0.0, 0.766667, 0.1, 0.0666667, 0.0666667]",train
229,surprise,38,"[0.0333333, 0.0, 0.0, 0.666667, 0.0, 0.2, 0.1]",train
230,joy,39,"[0.0, 0.0, 0.0, 0.633333, 0.0666667, 0.233333, 0.0666667]",train
233,surprise,39,"[0.0, 0.0, 0.0, 0.6, 0.0, 0.333333, 0.0666667]",train
237,disgust,40,"[0.0444444, 0.577778, 0.0777778, 0.0, 0.111111, 0.0666667, 0.122222]",train
238,disgust,41,"[0.0555556, 0.555556, 0.155556, 0.0, 0.1, 0.0, 0.133333]",train
239,joy,40,"[0.0, 0.0, 0.0, 0.522222, 0.0222222, 0.188889, 0.266667]",train
241,fear,40,"[0.0666667, 0.0222222, 0.566667, 0.0222222, 0.0333333, 0.188889, 0.1]",train
243,joy,41,"[0.0, 0.0, 0.0, 0.6, 0.0, 0.2, 0.2]",train
244,surprise,41,"[0.0333333, 0.566667, 0.122222, 0.0888889, 0.0, 0.0333333, 0.155556]",train
245,fear,42,"[0.166667, 0.0333333, 0.722222, 0.0, 0.0555556, 0.0222222, 0.0]",train
248,disgust,42,"[0.0, 0.655556, 0.0222222, 0.0333333, 0.255556, 0.0333333, 0.0]",train
249,joy,42,"[0.0, 0.0, 0.0, 0.7, 0.0, 0.133333, 0.166667]",val
250,sadness,42,"[0.0, 0.0333333, 0.0333333, 0.0, 0.833333, 0.0, 0.1]",train
251,surprise,42,"[0.0, 0.0, 0.0666667, 0.6, 0.0, 0.233333, 0.1]",train
254,joy,43,"[0.0, 0.0, 0.0, 0.8, 0.0, 0.1, 0.1]",train
256,sadness,43,"[0.0222222, 0.0, 0.0, 0.755556, 0.0, 0.0555556, 0.166667]",val
257,surprise,43,"[0.0, 0.0, 0.0, 0.7, 0.0, 0.266667, 0.0333333]",train
261,surprise,44,"[0.0, 0.0, 0.0, 0.633333, 0.0, 0.133333, 0.233333]",train
262,joy,44,"[0.0, 0.0, 0.0, 0.666667, 0.0, 0.0333333, 0.3]",train
263,disgust,45,"[0.0, 0.666667, 0.166667, 0.0, 0.0666667, 0.0333333, 0.0666667]",train
267,sadness,44,"[0.0, 0.0, 0.0333333, 0.0, 0.766667, 0.133333, 0.0666667]",val
268,sadness,45,"[0.0, 0.0, 0.0666667, 0.0, 0.766667, 0.0, 0.166667]",train
269,joy,45,"[0.0, 0.0, 0.0, 0.666667, 0.0, 0.133333, 0.2]",train
276,joy,46,"[0.0, 0.0, 0.0, 0.566667, 0.0, 0.2, 0.233333]",train
280,surprise,47,"[0.0, 0.0, 0.0555556, 0.522222, 0.1, 0.122222, 0.2]",val
281,surprise,48,"[0.0, 0.0, 0.0, 0.533333, 0.0, 0.3, 0.166667]",val
282,sadness,47,"[0.0, 0.0, 0.1, 0.0, 0.9, 0.0, 0.0]",train
283,fear,48,"[0.0, 0.266667, 0.6, 0.0, 0.0, 0.0666667, 0.0666667]",train
284,disgust,48,"[0.0777778, 0.288889, 0.0333333, 0.0, 0.511111, 0.0888889, 0.0]",train
286,sadness,48,"[0.0, 0.0666667, 0.0666667, 0.0, 0.866667, 0.0, 0.0]",train
288,joy,49,"[0.0, 0.0, 0.0, 0.688889, 0.0, 0.188889, 0.122222]",train
289,fear,49,"[0.0, 0.0333333, 0.6, 0.0, 0.1, 0.0, 0.266667]",val
291,anger,49,"[0.0, 0.0, 0.1, 0.0666667, 0.0333333, 0.266667, 0.533333]",train
293,disgust,49,"[0.0666667, 0.6, 0.0, 0.0, 0.0, 0.0666667, 0.266667]",val
294,sadness,49,"[0.0, 0.0333333, 0.1, 0.0666667, 0.733333, 0.0, 0.0666667]",train
298,fear,51,"[0.133333, 0.122222, 0.688889, 0.0, 0.0222222, 0.0333333, 0.0]",train
300,sadness,50,"[0.0, 0.0, 0.0, 0.0666667, 0.833333, 0.0, 0.1]",val
302,surprise,51,"[0.0, 0.0, 0.0, 0.666667, 0.0, 0.333333, 0.0]",train
306,disgust,52,"[0.0333333, 0.533333, 0.1, 0.0, 0.0, 0.0, 0.333333]",val
311,sadness,52,"[0.0, 0.0333333, 0.0, 0.0, 0.833333, 0.0, 0.133333]",train
316,disgust,54,"[0.0333333, 0.566667, 0.0666667, 0.0666667, 0.0, 0.0, 0.266667]",val
318,sadness,53,"[0.0, 0.0, 0.0, 0.0333333, 0.733333, 0.0666667, 0.166667]",train
322,joy,54,"[0.0, 0.0, 0.0, 0.7, 0.133333, 0.0666667, 0.1]",val
324,anger,55,"[0.0666667, 0.0, 0.1, 0.0, 0.8, 0.0, 0.0333333]",train
326,joy,55,"[0.0, 0.0, 0.0, 0.633333, 0.0, 0.166667, 0.2]",val
327,fear,55,"[0.0222222, 0.0888889, 0.133333, 0.1, 0.0666667, 0.0333333, 0.555556]",train
328,sadness,55,"[0.0, 0.0, 0.0, 0.1, 0.2, 0.166667, 0.533333]",train
333,joy,56,"[0.0, 0.0, 0.0, 0.666667, 0.0, 0.266667, 0.0666667]",train
334,sadness,56,"[0.0, 0.0666667, 0.4, 0.0, 0.533333, 0.0, 0.0]",train
335,surprise,56,"[0.0, 0.0666667, 0.0, 0.666667, 0.0, 0.133333, 0.133333]",train
338,joy,57,"[0.0, 0.0666667, 0.0, 0.566667, 0.0, 0.266667, 0.1]",train
339,sadness,57,"[0.0222222, 0.0222222, 0.0666667, 0.0, 0.888889, 0.0, 0.0]",train
342,surprise,58,"[0.0833333, 0.0166667, 0.05, 0.644444, 0.0, 0.161111, 0.0444444]",train
343,sadness,58,"[0.0, 0.0666667, 0.1, 0.0666667, 0.666667, 0.0, 0.1]",train
346,disgust,59,"[0.0333333, 0.566667, 0.133333, 0.0, 0.0666667, 0.0, 0.2]",train
349,joy,58,"[0.0, 0.0, 0.0, 0.888889, 0.0, 0.0888889, 0.0222222]",train
351,joy,59,"[0.0, 0.0, 0.0, 0.566667, 0.0666667, 0.0666667, 0.3]",train
355,sadness,59,"[0.0333333, 0.0, 0.266667, 0.0, 0.566667, 0.133333, 0.0]",train
359,surprise,60,"[0.0, 0.0, 0.0666667, 0.566667, 0.0, 0.233333, 0.133333]",train
360,joy,61,"[0.0, 0.0, 0.0, 0.822222, 0.0, 0.155556, 0.0222222]",train
368,fear,62,"[0.0666667, 0.0, 0.633333, 0.0, 0.0666667, 0.0666667, 0.166667]",train
369,sadness,62,"[0.0888889, 0.0666667, 0.0, 0.222222, 0.588889, 0.0, 0.0333333]",train
372,joy,62,"[0.0, 0.0, 0.0666667, 0.733333, 0.0666667, 0.1, 0.0333333]",val
375,sadness,63,"[0.0333333, 0.133333, 0.0, 0.133333, 0.566667, 0.0666667, 0.0666667]",train
376,joy,63,"[0.0, 0.0, 0.0, 0.666667, 0.0, 0.133333, 0.2]",train
378,joy,64,"[0.0, 0.0, 0.0, 0.633333, 0.0, 0.333333, 0.0333333]",val
381,sadness,64,"[0.0222222, 0.0, 0.0888889, 0.0, 0.888889, 0.0, 0.0]",val
386,fear,65,"[0.1, 0.1, 0.566667, 0.0333333, 0.0, 0.166667, 0.0333333]",val
387,joy,65,"[0.0, 0.0333333, 0.0333333, 0.688889, 0.0, 0.0888889, 0.155556]",train
389,sadness,66,"[0.0, 0.155556, 0.0, 0.0, 0.755556, 0.0, 0.0888889]",val
391,joy,66,"[0.0, 0.0, 0.0, 0.533333, 0.0, 0.366667, 0.1]",val
392,disgust,66,"[0.0666667, 0.7, 0.166667, 0.0, 0.0666667, 0.0, 0.0]",val
393,fear,66,"[0.0222222, 0.355556, 0.533333, 0.0, 0.0222222, 0.0, 0.0666667]",train
400,joy,67,"[0.0, 0.0666667, 0.0333333, 0.6, 0.0, 0.2, 0.1]",val
405,surprise,68,"[0.0, 0.0, 0.0, 0.555556, 0.0, 0.255556, 0.188889]",train
406,joy,68,"[0.0, 0.0, 0.0, 0.655556, 0.0666667, 0.122222, 0.155556]",train
409,surprise,69,"[0.0, 0.0, 0.0, 0.6, 0.0, 0.2, 0.2]",train
412,joy,69,"[0.0, 0.0, 0.0, 0.533333, 0.0, 0.233333, 0.233333]",val
417,sadness,70,"[0.0333333, 0.0777778, 0.133333, 0.0333333, 0.633333, 0.0, 0.0888889]",val
428,joy,71,"[0.0, 0.0, 0.0, 0.833333, 0.0, 0.1, 0.0666667]",train
430,joy,72,"[0.0, 0.0, 0.0, 0.633333, 0.0, 0.2, 0.166667]",train
431,sadness,72,"[0.0, 0.133333, 0.0, 0.0666667, 0.6, 0.0, 0.2]",train
433,disgust,73,"[0.0666667, 0.7, 0.0666667, 0.0, 0.1, 0.0, 0.0666667]",train
437,fear,74,"[0.0222222, 0.0888889, 0.633333, 0.1, 0.0555556, 0.0333333, 0.0666667]",train
440,sadness,73,"[0.0222222, 0.0222222, 0.0, 0.1, 0.722222, 0.0, 0.133333]",val
444,disgust,75,"[0.0388889, 0.538889, 0.238889, 0.0, 0.0166667, 0.0666667, 0.1]",val
448,joy,75,"[0.0, 0.0, 0.0, 0.666667, 0.0, 0.266667, 0.0666667]",val
452,sadness,76,"[0.0, 0.0, 0.0666667, 0.0666667, 0.7, 0.0, 0.166667]",val
456,disgust,77,"[0.0, 0.0, 0.0666667, 0.0, 0.0, 0.0, 0.933333]",train
457,fear,77,"[0.333333, 0.0, 0.566667, 0.0, 0.0, 0.0333333, 0.0666667]",train
466,anger,78,"[0.1, 0.533333, 0.166667, 0.0, 0.0666667, 0.0666667, 0.0666667]",val
474,anger,80,"[0.0, 0.133333, 0.0, 0.0, 0.733333, 0.0, 0.133333]",train
476,disgust,80,"[0.0333333, 0.3, 0.633333, 0.0, 0.0, 0.0333333, 0.0]",train
477,disgust,81,"[0.0, 0.0666667, 0.0, 0.133333, 0.0, 0.166667, 0.633333]",train
478,joy,80,"[0.0, 0.0, 0.0, 0.588889, 0.0333333, 0.155556, 0.222222]",train
483,sadness,81,"[0.0444444, 0.0, 0.0888889, 0.0222222, 0.777778, 0.0, 0.0666667]",train
485,joy,81,"[0.0, 0.0, 0.0, 0.688889, 0.0, 0.0888889, 0.222222]",val
486,surprise,82,"[0.0, 0.0, 0.0, 0.7, 0.0666667, 0.133333, 0.1]",train
487,disgust,82,"[0.0333333, 0.6, 0.3, 0.0, 0.0666667, 0.0, 0.0]",train
488,sadness,82,"[0.0, 0.0333333, 0.1, 0.0, 0.866667, 0.0, 0.0]",val
489,anger,82,"[0.0333333, 0.266667, 0.533333, 0.1, 0.0, 0.0666667, 0.0]",val
490,joy,82,"[0.0, 0.0, 0.0666667, 0.866667, 0.0, 0.0666667, 0.0]",train
492,fear,83,"[0.133333, 0.0666667, 0.266667, 0.0, 0.533333, 0.0, 0.0]",train
494,disgust,83,"[0.1, 0.7, 0.2, 0.0, 0.0, 0.0, 0.0]",train
496,joy,83,"[0.0, 0.0, 0.0, 0.733333, 0.0, 0.2, 0.0666667]",train
497,sadness,83,"[0.0, 0.1, 0.0333333, 0.0, 0.866667, 0.0, 0.0]",train
500,sadness,84,"[0.0, 0.0, 0.0, 0.633333, 0.0666667, 0.2, 0.1]",val
501,joy,84,"[0.0, 0.0, 0.0, 0.7, 0.0, 0.2, 0.1]",train
502,disgust,84,"[0.255556, 0.688889, 0.0, 0.0, 0.0555556, 0.0, 0.0]",train
503,fear,84,"[0.0333333, 0.0666667, 0.2, 0.0, 0.633333, 0.0, 0.0666667]",train
505,joy,85,"[0.0333333, 0.0333333, 0.0666667, 0.7, 0.0, 0.1, 0.0666667]",val
507,fear,85,"[0.155556, 0.166667, 0.555556, 0.0, 0.0222222, 0.0333333, 0.0666667]",train
508,surprise,85,"[0.0, 0.0333333, 0.1, 0.566667, 0.0, 0.233333, 0.0666667]",train
509,disgust,85,"[0.0, 0.0333333, 0.0333333, 0.0, 0.0, 0.0666667, 0.866667]",train
510,fear,86,"[0.0, 0.0666667, 0.533333, 0.0, 0.1, 0.0333333, 0.266667]",train
513,sadness,86,"[0.0, 0.0, 0.133333, 0.2, 0.0, 0.1, 0.566667]",val
515,joy,86,"[0.0, 0.0, 0.0, 0.788889, 0.0, 0.122222, 0.0888889]",val
516,surprise,86,"[0.0, 0.0, 0.0, 0.6, 0.0, 0.3, 0.1]",train
517,disgust,87,"[0.0, 0.555556, 0.166667, 0.0666667, 0.122222, 0.0222222, 0.0666667]",train
519,joy,87,"[0.0, 0.0, 0.0, 0.666667, 0.0333333, 0.2, 0.1]",train
520,sadness,87,"[0.0, 0.0333333, 0.0666667, 0.0, 0.833333, 0.0, 0.0666667]",train
521,surprise,87,"[0.0, 0.0, 0.0, 0.633333, 0.0, 0.2, 0.166667]",train
523,fear,88,"[0.0, 0.0, 0.1, 0.0666667, 0.133333, 0.133333, 0.566667]",train
524,sadness,88,"[0.0222222, 0.0, 0.0222222, 0.0666667, 0.655556, 0.0666667, 0.166667]",train
531,anger,90,"[0.0, 0.0, 0.555556, 0.0888889, 0.0, 0.322222, 0.0333333]",train
536,sadness,89,"[0.0, 0.266667, 0.0333333, 0.0222222, 0.522222, 0.0222222, 0.133333]",train
538,joy,90,"[0.0, 0.0, 0.0, 0.7, 0.0, 0.2, 0.1]",train
539,sadness,90,"[0.0, 0.0666667, 0.0333333, 0.0, 0.8, 0.0, 0.1]",train
540,joy,91,"[0.0, 0.0, 0.133333, 0.733333, 0.0, 0.0333333, 0.1]",train
542,surprise,91,"[0.0, 0.0333333, 0.0666667, 0.733333, 0.0, 0.0333333, 0.133333]",train
543,fear,91,"[0.0, 0.0666667, 0.166667, 0.0, 0.233333, 0.0, 0.533333]",train
545,disgust,91,"[0.0555556, 0.0222222, 0.0, 0.233333, 0.0888889, 0.0666667, 0.533333]",val
548,fear,92,"[0.188889, 0.0, 0.655556, 0.0, 0.0555556, 0.0333333, 0.0666667]",val
550,joy,92,"[0.0, 0.0, 0.0, 0.533333, 0.0, 0.166667, 0.3]",train
552,sadness,92,"[0.0333333, 0.0555556, 0.0555556, 0.0, 0.855556, 0.0, 0.0]",train
553,surprise,93,"[0.0, 0.0, 0.1, 0.533333, 0.0, 0.133333, 0.233333]",train
554,joy,93,"[0.0, 0.0666667, 0.0, 0.566667, 0.0666667, 0.133333, 0.166667]",train
561,joy,94,"[0.0, 0.0, 0.0, 0.677778, 0.0222222, 0.255556, 0.0444444]",val
569,joy,95,"[0.0333333, 0.0, 0.0, 0.733333, 0.0666667, 0.0333333, 0.133333]",train
570,joy,96,"[0.0, 0.0, 0.1, 0.8, 0.0, 0.0333333, 0.0666667]",train
577,sadness,97,"[0.1, 0.0555556, 0.122222, 0.0, 0.522222, 0.0, 0.2]",train
578,joy,97,"[0.0, 0.0333333, 0.0333333, 0.566667, 0.0, 0.133333, 0.233333]",val
580,anger,97,"[0.1, 0.155556, 0.588889, 0.0, 0.122222, 0.0333333, 0.0]",train
581,disgust,97,"[0.0, 0.555556, 0.122222, 0.0666667, 0.0222222, 0.1, 0.133333]",val
587,surprise,98,"[0.0, 0.0333333, 0.1, 0.522222, 0.0, 0.155556, 0.188889]",train
588,sadness,99,"[0.0, 0.0, 0.133333, 0.0, 0.566667, 0.0, 0.3]",val
589,surprise,99,"[0.0, 0.0, 0.0, 0.566667, 0.133333, 0.0333333, 0.266667]",train
592,joy,98,"[0.0, 0.0, 0.0, 0.6, 0.0, 0.133333, 0.266667]",val
593,joy,99,"[0.0, 0.0, 0.0, 0.7, 0.0, 0.0333333, 0.266667]",train
594,joy,100,"[0.0, 0.0333333, 0.0666667, 0.6, 0.0, 0.1, 0.2]",train
600,fear,101,"[0.0666667, 0.311111, 0.511111, 0.0, 0.0722222, 0.0388889, 0.0]",val
602,surprise,100,"[0.0333333, 0.0, 0.0666667, 0.133333, 0.133333, 0.0333333, 0.6]",val
607,joy,101,"[0.0, 0.0, 0.0, 0.666667, 0.0, 0.166667, 0.166667]",train
609,joy,102,"[0.0, 0.0, 0.0666667, 0.766667, 0.0, 0.0333333, 0.133333]",train
610,sadness,102,"[0.0, 0.0333333, 0.0333333, 0.0666667, 0.866667, 0.0, 0.0]",train
611,anger,102,"[0.133333, 0.0, 0.6, 0.0, 0.0666667, 0.0, 0.2]",train
612,joy,103,"[0.0, 0.0, 0.0666667, 0.633333, 0.0, 0.233333, 0.0666667]",train
617,sadness,103,"[0.0222222, 0.1, 0.155556, 0.0, 0.722222, 0.0, 0.0]",train
619,fear,104,"[0.0333333, 0.0333333, 0.333333, 0.0, 0.0, 0.0, 0.6]",train
626,joy,105,"[0.0, 0.0, 0.0166667, 0.716667, 0.0, 0.183333, 0.0833333]",train
627,sadness,104,"[0.0, 0.1, 0.1, 0.0666667, 0.7, 0.0, 0.0333333]",train
631,surprise,106,"[0.0, 0.0, 0.0, 0.633333, 0.0, 0.266667, 0.1]",train
640,joy,107,"[0.0, 0.0, 0.0, 0.6, 0.0, 0.2, 0.2]",val
641,anger,108,"[0.2, 0.0666667, 0.6, 0.0, 0.0666667, 0.0, 0.0666667]",train
643,sadness,107,"[0.0, 0.0333333, 0.2, 0.0, 0.633333, 0.1, 0.0333333]",train
644,sadness,108,"[0.0, 0.1, 0.133333, 0.0, 0.733333, 0.0, 0.0333333]",train
645,fear,108,"[0.0333333, 0.0333333, 0.2, 0.0, 0.0, 0.0, 0.733333]",val
646,joy,108,"[0.0, 0.0, 0.0, 0.666667, 0.0, 0.233333, 0.1]",train
647,surprise,108,"[0.0, 0.0, 0.0, 0.633333, 0.0, 0.3, 0.0666667]",train
650,fear,109,"[0.0666667, 0.0, 0.0666667, 0.0333333, 0.533333, 0.1, 0.2]",train
654,surprise,109,"[0.0, 0.0666667, 0.0, 0.0666667, 0.133333, 0.0, 0.733333]",train
656,joy,109,"[0.0, 0.0, 0.0666667, 0.7, 0.0, 0.1, 0.133333]",train
660,sadness,111,"[0.0333333, 0.0, 0.0, 0.0333333, 0.866667, 0.0333333, 0.0333333]",train
663,joy,111,"[0.0, 0.0, 0.0, 0.7, 0.0333333, 0.233333, 0.0333333]",val
665,fear,111,"[0.0166667, 0.05, 0.683333, 0.0333333, 0.15, 0.0, 0.0666667]",val
669,disgust,113,"[0.0888889, 0.522222, 0.1, 0.0, 0.0, 0.0222222, 0.266667]",val
670,fear,113,"[0.0, 0.0888889, 0.0666667, 0.0222222, 0.166667, 0.0222222, 0.633333]",val
672,joy,112,"[0.0, 0.0, 0.0333333, 0.6, 0.0666667, 0.2, 0.1]",train
673,sadness,112,"[0.0, 0.0222222, 0.0666667, 0.0, 0.822222, 0.0222222, 0.0666667]",train
675,surprise,113,"[0.0333333, 0.0, 0.0, 0.7, 0.0, 0.2, 0.0666667]",train
676,joy,113,"[0.0, 0.0, 0.0, 0.7, 0.0, 0.1, 0.2]",val
678,disgust,114,"[0.166667, 0.6, 0.0, 0.0, 0.0666667, 0.0666667, 0.1]",train
679,fear,114,"[0.05, 0.0833333, 0.683333, 0.0, 0.0166667, 0.1, 0.0666667]",train
680,joy,114,"[0.0, 0.0, 0.0, 0.766667, 0.0666667, 0.0666667, 0.1]",train
695,joy,116,"[0.0, 0.0, 0.0, 0.6, 0.0, 0.2, 0.2]",train
699,joy,117,"[0.0, 0.0, 0.0, 0.7, 0.0, 0.133333, 0.166667]",val
704,joy,118,"[0.0, 0.0, 0.0, 0.566667, 0.133333, 0.0333333, 0.266667]",train
708,surprise,118,"[0.0, 0.0, 0.0666667, 0.633333, 0.0333333, 0.233333, 0.0333333]",val
711,fear,120,"[0.0, 0.0, 0.0, 0.122222, 0.755556, 0.0666667, 0.0555556]",train
714,joy,120,"[0.0, 0.0, 0.0, 0.522222, 0.0333333, 0.255556, 0.188889]",train
715,sadness,119,"[0.0333333, 0.0, 0.0, 0.0666667, 0.733333, 0.0666667, 0.1]",train
718,surprise,120,"[0.0, 0.0, 0.0, 0.566667, 0.0, 0.266667, 0.166667]",train
720,fear,121,"[0.0833333, 0.05, 0.283333, 0.0, 0.583333, 0.0, 0.0]",val
722,fear,122,"[0.0333333, 0.0666667, 0.0, 0.1, 0.0666667, 0.2, 0.533333]",val
726,joy,121,"[0.0, 0.0, 0.0, 0.766667, 0.0, 0.233333, 0.0]",train
727,sadness,121,"[0.0666667, 0.0, 0.166667, 0.0, 0.7, 0.0, 0.0666667]",val
728,surprise,121,"[0.0, 0.0, 0.0, 0.533333, 0.0, 0.266667, 0.2]",train
729,joy,122,"[0.0, 0.0, 0.0, 0.6, 0.0, 0.233333, 0.166667]",val
733,sadness,123,"[0.0555556, 0.0888889, 0.0333333, 0.0, 0.755556, 0.0, 0.0666667]",val
735,joy,123,"[0.0333333, 0.0, 0.0, 0.522222, 0.0666667, 0.155556, 0.222222]",val
741,disgust,125,"[0.0, 0.2, 0.0333333, 0.133333, 0.0, 0.1, 0.533333]",train
744,sadness,124,"[0.0, 0.0666667, 0.133333, 0.0, 0.6, 0.0, 0.2]",val
752,sadness,125,"[0.0, 0.0666667, 0.0333333, 0.0, 0.833333, 0.0, 0.0666667]",train
753,sadness,126,"[0.0666667, 0.1, 0.0666667, 0.0, 0.7, 0.0, 0.0666667]",val
757,fear,127,"[0.166667, 0.0222222, 0.722222, 0.0, 0.0, 0.0888889, 0.0]",train
761,joy,127,"[0.0, 0.0, 0.0, 0.533333, 0.0, 0.0333333, 0.433333]",train
763,sadness,127,"[0.0, 0.0, 0.133333, 0.0, 0.633333, 0.133333, 0.1]",train
766,disgust,129,"[0.0222222, 0.555556, 0.133333, 0.0333333, 0.0888889, 0.1, 0.0666667]",train
767,joy,128,"[0.0, 0.0, 0.0, 0.6, 0.0, 0.233333, 0.166667]",val
768,joy,129,"[0.0, 0.0, 0.0, 0.733333, 0.0, 0.2, 0.0666667]",train
772,sadness,129,"[0.0222222, 0.0666667, 0.0555556, 0.0, 0.855556, 0.0, 0.0]",train
773,fear,129,"[0.0222222, 0.0666667, 0.622222, 0.0, 0.0888889, 0.0666667, 0.133333]",train
776,surprise,130,"[0.0, 0.0, 0.0166667, 0.572222, 0.0, 0.305556, 0.105556]",train
782,joy,130,"[0.0, 0.0, 0.0, 0.633333, 0.0, 0.233333, 0.133333]",train
784,joy,132,"[0.0, 0.0, 0.122222, 0.555556, 0.0, 0.255556, 0.0666667]",val
786,sadness,131,"[0.1, 0.0, 0.0888889, 0.0, 0.588889, 0.0222222, 0.2]",train
793,fear,133,"[0.0555556, 0.211111, 0.577778, 0.0, 0.155556, 0.0, 0.0]",train
794,joy,133,"[0.0, 0.0, 0.0, 0.633333, 0.0, 0.1, 0.266667]",train
796,disgust,133,"[0.122222, 0.522222, 0.0, 0.2, 0.0, 0.0, 0.155556]",train
802,fear,135,"[0.0, 0.0222222, 0.322222, 0.0, 0.522222, 0.1, 0.0333333]",val
803,sadness,134,"[0.0, 0.0, 0.133333, 0.0666667, 0.733333, 0.0, 0.0666667]",val
805,joy,135,"[0.0666667, 0.0, 0.0666667, 0.7, 0.0, 0.1, 0.0666667]",val
811,anger,136,"[0.0444444, 0.0333333, 0.344444, 0.0, 0.511111, 0.0, 0.0666667]",val
814,joy,136,"[0.0666667, 0.0, 0.0, 0.666667, 0.0666667, 0.133333, 0.0666667]",val
816,surprise,136,"[0.0, 0.0, 0.0, 0.522222, 0.0, 0.188889, 0.288889]",train
818,disgust,137,"[0.0666667, 0.566667, 0.133333, 0.0, 0.133333, 0.0, 0.1]",train
819,fear,138,"[0.155556, 0.311111, 0.511111, 0.0, 0.0222222, 0.0, 0.0]",train
823,joy,137,"[0.0, 0.0, 0.0, 0.7, 0.0, 0.3, 0.0]",train
824,surprise,137,"[0.0, 0.0, 0.0, 0.266667, 0.0333333, 0.7, 0.0]",train
825,surprise,138,"[0.0666667, 0.0, 0.0, 0.533333, 0.0, 0.3, 0.1]",train
826,joy,138,"[0.0, 0.0, 0.0, 0.733333, 0.0, 0.233333, 0.0333333]",val
827,anger,138,"[0.0, 0.0, 0.1, 0.0, 0.766667, 0.0666667, 0.0666667]",train
829,anger,139,"[0.0666667, 0.0666667, 0.0333333, 0.0, 0.566667, 0.0, 0.266667]",val
833,sadness,139,"[0.0, 0.0, 0.0666667, 0.0666667, 0.6, 0.0, 0.266667]",train
834,joy,139,"[0.0, 0.0, 0.0, 0.633333, 0.0, 0.3, 0.0666667]",train
836,disgust,140,"[0.0, 0.566667, 0.0333333, 0.0333333, 0.133333, 0.0, 0.233333]",train
841,disgust,141,"[0.266667, 0.6, 0.0666667, 0.0, 0.0, 0.0, 0.0666667]",train
842,surprise,141,"[0.0, 0.0, 0.0, 0.511111, 0.0, 0.244444, 0.244444]",train
852,anger,143,"[0.344444, 0.0888889, 0.544444, 0.0, 0.0222222, 0.0, 0.0]",train
853,disgust,143,"[0.0, 0.566667, 0.0, 0.0, 0.2, 0.0666667, 0.166667]",train
854,joy,142,"[0.0, 0.0666667, 0.0, 0.555556, 0.0, 0.222222, 0.155556]",val
856,sadness,144,"[0.0333333, 0.0, 0.166667, 0.0, 0.733333, 0.0666667, 0.0]",val
857,surprise,143,"[0.0, 0.0, 0.0, 0.8, 0.0, 0.2, 0.0]",train
858,joy,143,"[0.0, 0.0666667, 0.0, 0.566667, 0.0, 0.1, 0.266667]",train
859,joy,144,"[0.0, 0.0, 0.0, 0.566667, 0.0, 0.3, 0.133333]",train
864,surprise,145,"[0.0, 0.0, 0.0, 0.566667, 0.0666667, 0.233333, 0.133333]",train
865,disgust,145,"[0.1, 0.6, 0.0, 0.0666667, 0.0, 0.0, 0.233333]",train
867,anger,145,"[0.1, 0.0333333, 0.133333, 0.566667, 0.0, 0.1, 0.0666667]",train
872,sadness,145,"[0.0, 0.0, 0.0666667, 0.0333333, 0.666667, 0.0, 0.233333]",train
874,sadness,146,"[0.0, 0.0222222, 0.0222222, 0.1, 0.588889, 0.0666667, 0.2]",train
876,disgust,147,"[0.0666667, 0.8, 0.0, 0.0, 0.0, 0.0, 0.133333]",train
877,joy,146,"[0.0, 0.0, 0.0, 0.633333, 0.0, 0.233333, 0.133333]",train
878,surprise,146,"[0.0333333, 0.0333333, 0.0666667, 0.633333, 0.0, 0.233333, 0.0]",train
880,joy,147,"[0.0, 0.0, 0.0, 0.833333, 0.0, 0.166667, 0.0]",val
881,sadness,147,"[0.0, 0.133333, 0.0, 0.0, 0.7, 0.0, 0.166667]",train
883,disgust,148,"[0.0666667, 0.133333, 0.633333, 0.0666667, 0.0, 0.0, 0.1]",train
885,joy,148,"[0.0, 0.0, 0.0, 0.833333, 0.0666667, 0.1, 0.0]",val
886,disgust,149,"[0.1, 0.666667, 0.0, 0.0, 0.0333333, 0.0, 0.2]",val
887,fear,148,"[0.0333333, 0.0555556, 0.655556, 0.0, 0.222222, 0.0333333, 0.0]",train
892,anger,150,"[0.0666667, 0.0, 0.633333, 0.133333, 0.0, 0.166667, 0.0]",train
893,surprise,149,"[0.0, 0.0, 0.0, 0.733333, 0.1, 0.133333, 0.0333333]",train
895,joy,149,"[0.0, 0.0, 0.0, 0.833333, 0.0, 0.166667, 0.0]",train
897,sadness,150,"[0.0333333, 0.0888889, 0.133333, 0.122222, 0.0, 0.0888889, 0.533333]",train
899,joy,150,"[0.0, 0.0, 0.0, 0.566667, 0.0, 0.433333, 0.0]",train
904,sadness,151,"[0.0, 0.0333333, 0.0333333, 0.0, 0.533333, 0.233333, 0.166667]",train
905,fear,151,"[0.0666667, 0.0, 0.2, 0.0, 0.633333, 0.0, 0.1]",train
910,joy,152,"[0.0, 0.0, 0.0166667, 0.75, 0.0166667, 0.15, 0.0666667]",val
911,disgust,153,"[0.133333, 0.533333, 0.0, 0.0, 0.133333, 0.0, 0.2]",train
912,joy,153,"[0.0, 0.0, 0.0333333, 0.7, 0.0, 0.166667, 0.1]",train
913,fear,153,"[0.0, 0.0666667, 0.1, 0.166667, 0.0333333, 0.1, 0.533333]",train
917,sadness,153,"[0.1, 0.0, 0.0333333, 0.0, 0.8, 0.0, 0.0666667]",train
920,joy,154,"[0.0, 0.0, 0.0, 0.533333, 0.0, 0.133333, 0.333333]",val
921,anger,155,"[0.0666667, 0.0, 0.533333, 0.0, 0.0333333, 0.3, 0.0666667]",train
923,fear,154,"[0.1, 0.0666667, 0.533333, 0.0, 0.233333, 0.0666667, 0.0]",train
930,surprise,156,"[0.0, 0.2, 0.0, 0.566667, 0.0, 0.1, 0.133333]",train
931,disgust,156,"[0.0333333, 0.722222, 0.133333, 0.0, 0.0555556, 0.0222222, 0.0333333]",train
932,sadness,156,"[0.0333333, 0.0666667, 0.1, 0.0, 0.733333, 0.0, 0.0666667]",train
933,joy,155,"[0.0, 0.0, 0.0, 0.633333, 0.0, 0.166667, 0.2]",train
934,joy,156,"[0.0, 0.0333333, 0.133333, 0.2, 0.0, 0.0333333, 0.6]",train
946,disgust,159,"[0.0466667, 0.646667, 0.0133333, 0.0333333, 0.18, 0.0, 0.08]",train
947,sadness,158,"[0.0888889, 0.0222222, 0.166667, 0.0, 0.722222, 0.0, 0.0]",train
948,surprise,158,"[0.0222222, 0.0, 0.0666667, 0.2, 0.0222222, 0.588889, 0.1]",val
953,sadness,159,"[0.0388889, 0.0388889, 0.183333, 0.0, 0.672222, 0.0, 0.0666667]",train
958,sadness,160,"[0.0666667, 0.0222222, 0.122222, 0.0666667, 0.655556, 0.0, 0.0666667]",val
964,sadness,161,"[0.0333333, 0.0333333, 0.0666667, 0.0, 0.866667, 0.0, 0.0]",train
967,sadness,162,"[0.111111, 0.0555556, 0.0222222, 0.0, 0.744444, 0.0, 0.0666667]",train
969,fear,162,"[0.0833333, 0.116667, 0.616667, 0.0, 0.0833333, 0.1, 0.0]",val
973,surprise,163,"[0.0666667, 0.0, 0.0, 0.566667, 0.0, 0.333333, 0.0333333]",train
974,anger,164,"[0.566667, 0.0666667, 0.3, 0.0333333, 0.0333333, 0.0, 0.0]",val
977,sadness,163,"[0.0666667, 0.0, 0.133333, 0.0, 0.733333, 0.0666667, 0.0]",train
978,disgust,164,"[0.0555556, 0.533333, 0.2, 0.0, 0.144444, 0.0444444, 0.0222222]",val
980,joy,163,"[0.0, 0.0, 0.0, 0.566667, 0.0666667, 0.3, 0.0666667]",train
983,fear,165,"[0.0666667, 0.0666667, 0.566667, 0.0, 0.0333333, 0.133333, 0.133333]",train
984,joy,164,"[0.0, 0.0, 0.0666667, 0.666667, 0.0333333, 0.2, 0.0333333]",train
986,joy,165,"[0.0666667, 0.0666667, 0.0, 0.688889, 0.0222222, 0.1, 0.0555556]",val
989,sadness,165,"[0.0, 0.0, 0.1, 0.0666667, 0.7, 0.0, 0.133333]",train
993,disgust,166,"[0.0666667, 0.8, 0.0, 0.0, 0.0333333, 0.0666667, 0.0333333]",train
994,disgust,167,"[0.0666667, 0.8, 0.0, 0.0, 0.0666667, 0.0, 0.0666667]",train
995,sadness,166,"[0.122222, 0.0333333, 0.222222, 0.0, 0.555556, 0.0666667, 0.0]",val
999,sadness,167,"[0.0333333, 0.0, 0.1, 0.0, 0.566667, 0.0, 0.3]",val
1000,joy,167,"[0.0, 0.0, 0.0, 0.633333, 0.0, 0.2, 0.166667]",train
1002,surprise,167,"[0.0666667, 0.0, 0.0, 0.533333, 0.1, 0.1, 0.2]",train
1003,sadness,168,"[0.0, 0.0333333, 0.0333333, 0.0, 0.933333, 0.0, 0.0]",val
1004,disgust,168,"[0.1, 0.622222, 0.0888889, 0.0, 0.0222222, 0.0, 0.166667]",train
1006,fear,168,"[0.0333333, 0.233333, 0.633333, 0.0333333, 0.0, 0.0666667, 0.0]",val
1007,joy,168,"[0.0, 0.0, 0.0, 0.7, 0.0, 0.133333, 0.166667]",train
1009,anger,170,"[0.0, 0.0, 0.633333, 0.0, 0.0, 0.1, 0.266667]",val
1010,joy,169,"[0.0, 0.0, 0.0666667, 0.666667, 0.0, 0.133333, 0.133333]",val
1013,fear,169,"[0.133333, 0.0, 0.8, 0.0, 0.0, 0.0, 0.0666667]",val
1015,fear,170,"[0.1, 0.0333333, 0.533333, 0.0, 0.266667, 0.0, 0.0666667]",train
1017,sadness,170,"[0.0, 0.0333333, 0.0, 0.0222222, 0.788889, 0.0, 0.155556]",train
1022,joy,171,"[0.0, 0.0, 0.0, 0.733333, 0.0, 0.133333, 0.133333]",train
1029,joy,172,"[0.0, 0.0, 0.0, 0.622222, 0.0, 0.122222, 0.255556]",train
1037,sadness,173,"[0.0333333, 0.0, 0.0, 0.0, 0.8, 0.0, 0.166667]",train
1039,surprise,173,"[0.0, 0.0333333, 0.0, 0.633333, 0.0, 0.1, 0.233333]",train
1042,surprise,174,"[0.0, 0.0, 0.0666667, 0.6, 0.0, 0.266667, 0.0666667]",val
1044,surprise,175,"[0.0, 0.0, 0.0, 0.577778, 0.0, 0.311111, 0.111111]",train
1046,fear,175,"[0.0, 0.155556, 0.611111, 0.0222222, 0.133333, 0.0444444, 0.0333333]",val
1047,anger,175,"[0.0, 0.0, 0.0, 0.655556, 0.0333333, 0.122222, 0.188889]",train
1049,anger,176,"[0.0, 0.0, 0.0333333, 0.588889, 0.0, 0.355556, 0.0222222]",train
1051,joy,175,"[0.0, 0.0, 0.0, 0.633333, 0.0, 0.166667, 0.2]",train
1053,surprise,176,"[0.0, 0.0, 0.0, 0.6, 0.0, 0.266667, 0.133333]",train
1054,surprise,177,"[0.0, 0.0, 0.2, 0.133333, 0.0333333, 0.0, 0.633333]",train
1056,joy,177,"[0.0, 0.0, 0.0, 0.666667, 0.0, 0.133333, 0.2]",val
1057,anger,177,"[0.1, 0.0, 0.533333, 0.1, 0.0333333, 0.1, 0.133333]",train
1059,sadness,176,"[0.0, 0.0, 0.0, 0.133333, 0.566667, 0.0, 0.3]",val
1061,disgust,177,"[0.0, 0.633333, 0.0, 0.0, 0.0, 0.0, 0.366667]",val
1062,sadness,178,"[0.0, 0.0, 0.0222222, 0.0, 0.888889, 0.0222222, 0.0666667]",train
1063,surprise,178,"[0.0, 0.0, 0.0, 0.633333, 0.0666667, 0.2, 0.1]",train
1065,fear,178,"[0.0, 0.166667, 0.722222, 0.0666667, 0.0222222, 0.0222222, 0.0]",train
1066,joy,178,"[0.0, 0.0, 0.0, 0.833333, 0.0, 0.1, 0.0666667]",train
1068,anger,178,"[0.0666667, 0.0, 0.133333, 0.566667, 0.0, 0.166667, 0.0666667]",train
1069,disgust,179,"[0.0222222, 0.655556, 0.0, 0.0, 0.122222, 0.0, 0.2]",train
1070,anger,179,"[0.0333333, 0.0666667, 0.6, 0.0666667, 0.0333333, 0.0666667, 0.133333]",train
1071,sadness,179,"[0.0333333, 0.0, 0.133333, 0.0, 0.733333, 0.0333333, 0.0666667]",train
1075,joy,179,"[0.0, 0.0666667, 0.0, 0.6, 0.0666667, 0.2, 0.0666667]",train
1076,surprise,180,"[0.0, 0.0, 0.0, 0.566667, 0.1, 0.333333, 0.0]",train
1077,joy,180,"[0.0, 0.0666667, 0.0, 0.6, 0.0, 0.2, 0.133333]",train
1080,joy,181,"[0.0, 0.0, 0.0, 0.633333, 0.0, 0.2, 0.166667]",train
1082,disgust,181,"[0.0666667, 0.566667, 0.0, 0.0, 0.133333, 0.0, 0.233333]",train
1083,anger,182,"[0.0333333, 0.0333333, 0.333333, 0.0, 0.533333, 0.0, 0.0666667]",train
1086,surprise,181,"[0.0, 0.0, 0.0, 0.766667, 0.0, 0.0666667, 0.166667]",train
1087,sadness,181,"[0.0, 0.0333333, 0.0, 0.633333, 0.0666667, 0.166667, 0.1]",val
1090,sadness,182,"[0.0222222, 0.0888889, 0.0333333, 0.0, 0.855556, 0.0, 0.0]",val
1091,sadness,183,"[0.0333333, 0.0333333, 0.1, 0.0, 0.8, 0.0, 0.0333333]",train
1094,anger,183,"[0.0, 0.0, 0.0666667, 0.566667, 0.0, 0.233333, 0.133333]",train
1095,fear,183,"[0.0, 0.122222, 0.7, 0.0, 0.0555556, 0.0555556, 0.0666667]",train
1100,disgust,184,"[0.0888889, 0.533333, 0.0333333, 0.0333333, 0.0222222, 0.0666667, 0.222222]",train
1102,surprise,184,"[0.0, 0.0, 0.0, 0.6, 0.0333333, 0.133333, 0.233333]",val
1104,fear,185,"[0.0, 0.0222222, 0.133333, 0.133333, 0.0222222, 0.0888889, 0.6]",train
1108,joy,185,"[0.0, 0.0, 0.0, 0.633333, 0.0, 0.166667, 0.2]",val
1109,sadness,185,"[0.0, 0.0, 0.0, 0.0333333, 0.6, 0.166667, 0.2]",train
1110,sadness,186,"[0.0, 0.0, 0.0222222, 0.0888889, 0.666667, 0.0555556, 0.166667]",train
1124,joy,187,"[0.0, 0.0, 0.0, 0.533333, 0.0, 0.266667, 0.2]",train
1127,anger,189,"[0.0666667, 0.0, 0.522222, 0.0888889, 0.0333333, 0.155556, 0.133333]",train
1129,sadness,188,"[0.0, 0.0, 0.0555556, 0.155556, 0.566667, 0.0222222, 0.2]",train
1131,joy,189,"[0.0, 0.0666667, 0.0, 0.533333, 0.0, 0.133333, 0.266667]",train
1132,surprise,189,"[0.0, 0.0, 0.0333333, 0.6, 0.0, 0.233333, 0.133333]",train
1133,sadness,189,"[0.0, 0.0333333, 0.0, 0.0, 0.666667, 0.1, 0.2]",train
1135,surprise,190,"[0.0, 0.0, 0.0, 0.6, 0.0, 0.266667, 0.133333]",train
1136,fear,190,"[0.0722222, 0.227778, 0.138889, 0.0, 0.561111, 0.0, 0.0]",val
1140,anger,191,"[0.0, 0.0, 0.0, 0.733333, 0.0333333, 0.0666667, 0.166667]",train
1141,joy,190,"[0.0, 0.0, 0.0, 0.566667, 0.0666667, 0.233333, 0.133333]",train
1142,sadness,190,"[0.122222, 0.0333333, 0.222222, 0.0, 0.622222, 0.0, 0.0]",val
1143,disgust,192,"[0.133333, 0.566667, 0.0, 0.0, 0.0333333, 0.0, 0.266667]",val
1147,sadness,191,"[0.0222222, 0.0222222, 0.155556, 0.0, 0.711111, 0.0, 0.0888889]",train
1150,joy,192,"[0.0, 0.0, 0.0, 0.633333, 0.0, 0.1, 0.266667]",train
1151,sadness,192,"[0.0, 0.0333333, 0.0333333, 0.0, 0.8, 0.0, 0.133333]",train
1152,fear,193,"[0.0666667, 0.0, 0.0, 0.333333, 0.0333333, 0.0333333, 0.533333]",val
1154,sadness,193,"[0.0, 0.0333333, 0.0555556, 0.0, 0.622222, 0.0666667, 0.222222]",val
1155,anger,193,"[0.633333, 0.1, 0.233333, 0.0333333, 0.0, 0.0, 0.0]",val
1157,anger,194,"[0.122222, 0.122222, 0.522222, 0.0, 0.233333, 0.0, 0.0]",val
1158,surprise,193,"[0.0, 0.0, 0.0, 0.666667, 0.0666667, 0.133333, 0.133333]",train
1160,joy,193,"[0.0, 0.0, 0.0, 0.833333, 0.0, 0.1, 0.0666667]",val
1162,sadness,194,"[0.0, 0.0, 0.0666667, 0.0, 0.866667, 0.0, 0.0666667]",train
1175,surprise,196,"[0.1, 0.0, 0.0333333, 0.655556, 0.0, 0.122222, 0.0888889]",train
1177,fear,197,"[0.172222, 0.0666667, 0.572222, 0.0, 0.172222, 0.0166667, 0.0]",val
1180,joy,197,"[0.0, 0.0, 0.0, 0.688889, 0.0222222, 0.222222, 0.0666667]",train
1181,fear,198,"[0.0333333, 0.111111, 0.577778, 0.0, 0.0888889, 0.122222, 0.0666667]",train
1182,joy,198,"[0.0, 0.0, 0.0, 0.666667, 0.0, 0.266667, 0.0666667]",train
1186,surprise,198,"[0.0, 0.0, 0.0, 0.633333, 0.0, 0.233333, 0.133333]",val
1187,sadness,198,"[0.0, 0.0, 0.133333, 0.0, 0.8, 0.0333333, 0.0333333]",val
1188,joy,199,"[0.0, 0.0, 0.0, 0.233333, 0.0666667, 0.0666667, 0.633333]",train
1191,sadness,199,"[0.0333333, 0.0666667, 0.0, 0.0666667, 0.766667, 0.0, 0.0666667]",train
1195,fear,200,"[0.0, 0.0, 0.0, 0.533333, 0.1, 0.0333333, 0.333333]",train
1197,sadness,200,"[0.0222222, 0.1, 0.522222, 0.0, 0.322222, 0.0, 0.0333333]",val
1198,joy,200,"[0.0, 0.0, 0.0333333, 0.633333, 0.0, 0.0333333, 0.3]",train
1200,surprise,200,"[0.0, 0.0, 0.0666667, 0.533333, 0.0, 0.3, 0.1]",train
1201,joy,201,"[0.0, 0.0333333, 0.0, 0.533333, 0.133333, 0.0666667, 0.233333]",train
1204,sadness,201,"[0.0333333, 0.0, 0.0666667, 0.0666667, 0.766667, 0.0, 0.0666667]",train
1205,surprise,201,"[0.0, 0.0, 0.0, 0.733333, 0.0, 0.166667, 0.1]",val
1207,sadness,202,"[0.0, 0.0, 0.0666667, 0.0, 0.733333, 0.0, 0.2]",train
1212,surprise,202,"[0.0, 0.0666667, 0.0, 0.533333, 0.0, 0.233333, 0.166667]",train
1216,disgust,204,"[0.0, 0.333333, 0.0, 0.0666667, 0.0, 0.0333333, 0.566667]",val
1218,joy,203,"[0.0, 0.0, 0.0, 0.6, 0.0, 0.1, 0.3]",train
1219,anger,204,"[0.0333333, 0.1, 0.0, 0.1, 0.0, 0.2, 0.566667]",val
1220,sadness,203,"[0.0166667, 0.0166667, 0.0833333, 0.0, 0.65, 0.0, 0.233333]",val
1221,sadness,204,"[0.0666667, 0.0333333, 0.133333, 0.0, 0.633333, 0.0, 0.133333]",val
1222,surprise,204,"[0.0, 0.0, 0.0, 0.7, 0.0, 0.3, 0.0]",train
1223,joy,204,"[0.0, 0.0, 0.0, 0.666667, 0.0, 0.166667, 0.166667]",val
1225,disgust,206,"[0.0, 0.566667, 0.133333, 0.0, 0.133333, 0.0, 0.166667]",val
1228,joy,205,"[0.0, 0.0666667, 0.0, 0.2, 0.0, 0.0, 0.733333]",train
1229,anger,206,"[0.0, 0.0333333, 0.0333333, 0.266667, 0.133333, 0.0, 0.533333]",train
1230,sadness,205,"[0.0, 0.0333333, 0.0333333, 0.0, 0.766667, 0.0, 0.166667]",train
1232,fear,206,"[0.0, 0.0333333, 0.566667, 0.0, 0.0666667, 0.133333, 0.2]",train
1233,joy,206,"[0.0, 0.0, 0.0666667, 0.533333, 0.0, 0.133333, 0.266667]",train
1235,sadness,206,"[0.0, 0.0, 0.0, 0.0222222, 0.622222, 0.188889, 0.166667]",train
1236,sadness,207,"[0.0, 0.0222222, 0.0, 0.0, 0.655556, 0.0222222, 0.3]",train
1239,surprise,207,"[0.0, 0.0, 0.0222222, 0.588889, 0.0, 0.355556, 0.0333333]",train
1240,disgust,207,"[0.0, 0.711111, 0.155556, 0.0, 0.0222222, 0.0444444, 0.0666667]",val
1242,surprise,208,"[0.0, 0.0, 0.0, 0.666667, 0.0, 0.266667, 0.0666667]",val
1243,joy,208,"[0.0, 0.0222222, 0.0, 0.722222, 0.0, 0.188889, 0.0666667]",train
1244,disgust,208,"[0.1, 0.533333, 0.0, 0.0, 0.1, 0.0, 0.266667]",train
1245,sadness,208,"[0.0, 0.0666667, 0.0, 0.0666667, 0.2, 0.0, 0.666667]",train
1247,fear,209,"[0.0, 0.0, 0.133333, 0.166667, 0.0666667, 0.1, 0.533333]",val
1251,sadness,209,"[0.0, 0.1, 0.1, 0.0222222, 0.655556, 0.0666667, 0.0555556]",train
1253,disgust,210,"[0.102222, 0.535556, 0.202222, 0.0666667, 0.0133333, 0.0133333, 0.0666667]",train
1255,surprise,210,"[0.0, 0.0, 0.0, 0.622222, 0.0, 0.155556, 0.222222]",train
1258,joy,210,"[0.0, 0.0, 0.0333333, 0.7, 0.0, 0.2, 0.0666667]",train
1259,sadness,210,"[0.0666667, 0.0222222, 0.0888889, 0.0333333, 0.655556, 0.0, 0.133333]",train
1262,anger,211,"[0.666667, 0.0666667, 0.1, 0.0, 0.0333333, 0.0666667, 0.0666667]",train
1267,disgust,212,"[0.1, 0.566667, 0.133333, 0.0, 0.133333, 0.0666667, 0.0]",train
1268,fear,212,"[0.0666667, 0.0666667, 0.533333, 0.0, 0.2, 0.0, 0.133333]",train
1272,surprise,212,"[0.0, 0.0, 0.0666667, 0.566667, 0.0, 0.3, 0.0666667]",train
1274,joy,212,"[0.0, 0.0888889, 0.0666667, 0.555556, 0.0, 0.133333, 0.155556]",train
1277,sadness,213,"[0.0, 0.0, 0.0, 0.622222, 0.122222, 0.188889, 0.0666667]",val
1278,fear,214,"[0.1, 0.155556, 0.655556, 0.0, 0.0222222, 0.0, 0.0666667]",train
1285,disgust,215,"[0.122222, 0.688889, 0.0333333, 0.0, 0.0555556, 0.0, 0.1]",val
1286,joy,214,"[0.0, 0.0, 0.0333333, 0.533333, 0.0, 0.2, 0.233333]",val
1288,surprise,215,"[0.0, 0.0, 0.0, 0.6, 0.0666667, 0.2, 0.133333]",train
1289,joy,215,"[0.0, 0.0, 0.1, 0.7, 0.0, 0.133333, 0.0666667]",train
1291,sadness,215,"[0.0222222, 0.0222222, 0.1, 0.0333333, 0.788889, 0.0333333, 0.0]",train
1292,fear,216,"[0.0333333, 0.0, 0.2, 0.0, 0.7, 0.0, 0.0666667]",train
1293,joy,216,"[0.0, 0.0, 0.0, 0.6, 0.0666667, 0.266667, 0.0666667]",train
1294,sadness,216,"[0.0666667, 0.0888889, 0.1, 0.0, 0.522222, 0.155556, 0.0666667]",val
1295,surprise,216,"[0.0, 0.0666667, 0.0666667, 0.6, 0.0, 0.1, 0.166667]",train
1296,disgust,217,"[0.0166667, 0.616667, 0.0833333, 0.0, 0.0166667, 0.0666667, 0.2]",train
1299,disgust,218,"[0.0333333, 0.7, 0.0666667, 0.0, 0.166667, 0.0, 0.0333333]",val
1302,joy,217,"[0.0, 0.0, 0.0, 0.722222, 0.0, 0.155556, 0.122222]",train
1303,surprise,217,"[0.0, 0.0, 0.0666667, 0.533333, 0.0, 0.266667, 0.133333]",train
1308,surprise,218,"[0.0, 0.0, 0.0, 0.566667, 0.0, 0.2, 0.233333]",train
1309,sadness,219,"[0.0, 0.0666667, 0.0, 0.0, 0.8, 0.0, 0.133333]",val
1311,fear,219,"[0.0, 0.0666667, 0.0333333, 0.0, 0.766667, 0.0, 0.133333]",train
1312,joy,218,"[0.0, 0.0666667, 0.0, 0.666667, 0.0, 0.133333, 0.133333]",train
1313,joy,219,"[0.0, 0.0666667, 0.0, 0.6, 0.0, 0.2, 0.133333]",train
1314,anger,220,"[0.3, 0.0666667, 0.633333, 0.0, 0.0, 0.0, 0.0]",val
1315,anger,221,"[0.0, 0.0666667, 0.533333, 0.0666667, 0.0666667, 0.266667, 0.0]",train
1316,disgust,220,"[0.0, 0.633333, 0.0, 0.0666667, 0.0666667, 0.0, 0.233333]",train
1317,fear,220,"[0.0, 0.0, 0.533333, 0.166667, 0.0666667, 0.0333333, 0.2]",train
1320,joy,220,"[0.0, 0.0666667, 0.0, 0.588889, 0.0, 0.0555556, 0.288889]",val
1321,sadness,220,"[0.0, 0.0333333, 0.0333333, 0.0, 0.833333, 0.0, 0.1]",train
1323,surprise,221,"[0.0, 0.0, 0.0666667, 0.266667, 0.0, 0.533333, 0.133333]",train
1324,joy,221,"[0.0, 0.0, 0.133333, 0.533333, 0.0, 0.333333, 0.0]",train
1325,sadness,221,"[0.0, 0.0, 0.122222, 0.0222222, 0.833333, 0.0222222, 0.0]",train
1329,joy,222,"[0.0, 0.0, 0.0, 0.633333, 0.0, 0.233333, 0.133333]",train
1330,sadness,222,"[0.0, 0.0, 0.0666667, 0.0333333, 0.7, 0.0666667, 0.133333]",train
1331,surprise,222,"[0.0, 0.0, 0.0333333, 0.533333, 0.0, 0.366667, 0.0666667]",train
1332,sadness,223,"[0.0, 0.0222222, 0.0222222, 0.0333333, 0.755556, 0.0333333, 0.133333]",train
1336,fear,224,"[0.133333, 0.0666667, 0.755556, 0.0, 0.0222222, 0.0, 0.0222222]",train
1337,disgust,223,"[0.0333333, 0.666667, 0.0666667, 0.0, 0.1, 0.0, 0.133333]",train
1341,joy,224,"[0.0, 0.0, 0.0, 0.8, 0.0, 0.0, 0.2]",train
1345,sadness,224,"[0.0, 0.133333, 0.0, 0.0666667, 0.533333, 0.0, 0.266667]",val
1347,sadness,225,"[0.0, 0.0666667, 0.0666667, 0.0, 0.733333, 0.0666667, 0.0666667]",train
1348,joy,225,"[0.0, 0.0, 0.0, 0.566667, 0.0, 0.233333, 0.2]",train
1354,fear,226,"[0.0333333, 0.233333, 0.533333, 0.0333333, 0.0333333, 0.0, 0.133333]",train
1355,disgust,226,"[0.0666667, 0.566667, 0.0666667, 0.0, 0.0666667, 0.0333333, 0.2]",train
1362,surprise,228,"[0.0, 0.0666667, 0.0666667, 0.6, 0.0666667, 0.2, 0.0]",val
1363,joy,227,"[0.0666667, 0.0, 0.0666667, 0.6, 0.0666667, 0.0666667, 0.133333]",train
1366,joy,228,"[0.0, 0.0, 0.0, 0.766667, 0.0, 0.1, 0.133333]",train
1370,anger,230,"[0.533333, 0.0, 0.133333, 0.0666667, 0.0666667, 0.0666667, 0.133333]",val
1372,disgust,229,"[0.0333333, 0.7, 0.0222222, 0.0, 0.188889, 0.0, 0.0555556]",train
1373,sadness,229,"[0.0, 0.0, 0.0222222, 0.1, 0.755556, 0.1, 0.0222222]",train
1378,sadness,230,"[0.0222222, 0.0333333, 0.0222222, 0.0, 0.688889, 0.1, 0.133333]",val
1379,sadness,231,"[0.0888889, 0.1, 0.0888889, 0.0, 0.655556, 0.0, 0.0666667]",train
1382,surprise,230,"[0.0, 0.0, 0.0666667, 0.655556, 0.0, 0.255556, 0.0222222]",train
1383,disgust,231,"[0.0333333, 0.666667, 0.0, 0.0, 0.0666667, 0.0, 0.233333]",train
1386,sadness,232,"[0.0, 0.166667, 0.0, 0.0333333, 0.666667, 0.0, 0.133333]",train
1389,disgust,232,"[0.0222222, 0.522222, 0.122222, 0.0333333, 0.0, 0.133333, 0.166667]",train
1390,fear,232,"[0.168889, 0.135556, 0.568889, 0.0, 0.113333, 0.0133333, 0.0]",train
1391,fear,233,"[0.144444, 0.0888889, 0.555556, 0.0, 0.177778, 0.0333333, 0.0]",train
1393,disgust,233,"[0.0, 0.0666667, 0.0666667, 0.122222, 0.0, 0.188889, 0.555556]",train
1394,joy,232,"[0.0, 0.0, 0.0, 0.733333, 0.0, 0.133333, 0.133333]",val
1396,surprise,233,"[0.0, 0.0, 0.0333333, 0.588889, 0.1, 0.188889, 0.0888889]",train
1397,sadness,233,"[0.0, 0.0333333, 0.1, 0.0333333, 0.833333, 0.0, 0.0]",train
1402,joy,234,"[0.0, 0.0, 0.0, 0.688889, 0.0333333, 0.0222222, 0.255556]",val
1403,sadness,234,"[0.0, 0.0, 0.0, 0.133333, 0.666667, 0.0, 0.2]",val
1405,anger,236,"[0.0, 0.0666667, 0.0666667, 0.533333, 0.0, 0.133333, 0.2]",train
1409,sadness,235,"[0.0333333, 0.0666667, 0.0333333, 0.0, 0.322222, 0.0222222, 0.522222]",val
1411,surprise,235,"[0.0666667, 0.0, 0.0, 0.6, 0.0, 0.266667, 0.0666667]",train
1413,surprise,236,"[0.0, 0.0, 0.0, 0.633333, 0.0, 0.1, 0.266667]",val
1414,joy,236,"[0.0, 0.0, 0.0, 0.666667, 0.0666667, 0.133333, 0.133333]",val
1418,sadness,236,"[0.0, 0.0, 0.0333333, 0.1, 0.533333, 0.1, 0.233333]",val
1425,disgust,238,"[0.0166667, 0.25, 0.116667, 0.0, 0.55, 0.0, 0.0666667]",val
1426,sadness,238,"[0.0, 0.0666667, 0.0666667, 0.0, 0.633333, 0.0666667, 0.166667]",train
1431,anger,240,"[0.0, 0.0, 0.0, 0.6, 0.0333333, 0.233333, 0.133333]",train
1434,joy,239,"[0.0, 0.0, 0.0666667, 0.555556, 0.0888889, 0.188889, 0.1]",train
1435,joy,240,"[0.0, 0.0666667, 0.0, 0.633333, 0.0, 0.1, 0.2]",val
1437,surprise,240,"[0.0, 0.0, 0.0666667, 0.566667, 0.0333333, 0.133333, 0.2]",train
1441,fear,241,"[0.122222, 0.0666667, 0.555556, 0.0, 0.188889, 0.0, 0.0666667]",train
1442,anger,241,"[0.333333, 0.0, 0.533333, 0.0, 0.133333, 0.0, 0.0]",val
1445,fear,242,"[0.0333333, 0.0666667, 0.566667, 0.0, 0.0666667, 0.0, 0.266667]",train
1452,sadness,242,"[0.333333, 0.0, 0.0333333, 0.0, 0.566667, 0.0, 0.0666667]",val
1453,sadness,243,"[0.0666667, 0.0, 0.0, 0.0, 0.833333, 0.0, 0.1]",train
1454,joy,243,"[0.0, 0.0, 0.0, 0.788889, 0.0, 0.0555556, 0.155556]",train
1459,joy,244,"[0.0, 0.0666667, 0.0, 0.7, 0.0666667, 0.166667, 0.0]",train
1461,disgust,244,"[0.0666667, 0.555556, 0.0, 0.133333, 0.0888889, 0.0222222, 0.133333]",train
1465,disgust,245,"[0.0666667, 0.733333, 0.0666667, 0.0, 0.0666667, 0.0, 0.0666667]",train
1467,surprise,245,"[0.0, 0.0, 0.0, 0.733333, 0.0, 0.133333, 0.133333]",train
1478,sadness,247,"[0.0, 0.0333333, 0.0, 0.0, 0.8, 0.1, 0.0666667]",train
1483,fear,248,"[0.222222, 0.133333, 0.555556, 0.0, 0.0, 0.0, 0.0888889]",train
1486,disgust,249,"[0.0, 0.666667, 0.2, 0.0, 0.0666667, 0.0, 0.0666667]",train
1487,joy,248,"[0.0, 0.0, 0.0, 0.6, 0.0, 0.133333, 0.266667]",val
1488,sadness,248,"[0.0333333, 0.0333333, 0.133333, 0.0, 0.733333, 0.0, 0.0666667]",val
1489,surprise,248,"[0.0, 0.0, 0.0, 0.533333, 0.0, 0.266667, 0.2]",val
1491,joy,249,"[0.0, 0.0, 0.0666667, 0.566667, 0.0, 0.1, 0.266667]",train
1499,disgust,250,"[0.0666667, 0.0, 0.0, 0.233333, 0.0666667, 0.0666667, 0.566667]",train
1500,joy,250,"[0.0, 0.0, 0.0666667, 0.666667, 0.0, 0.0, 0.266667]",train
1503,sadness,251,"[0.0666667, 0.0666667, 0.0333333, 0.0666667, 0.555556, 0.122222, 0.0888889]",val
1505,disgust,252,"[0.0666667, 0.2, 0.0, 0.0, 0.0666667, 0.0666667, 0.6]",train
1506,joy,251,"[0.0, 0.0, 0.0, 0.755556, 0.0, 0.222222, 0.0222222]",train
1510,sadness,252,"[0.0, 0.0, 0.0333333, 0.0, 0.9, 0.0, 0.0666667]",train
1512,disgust,253,"[0.0666667, 0.1, 0.0, 0.733333, 0.0, 0.1, 0.0]",val
1513,fear,253,"[0.0, 0.0222222, 0.0666667, 0.288889, 0.0, 0.0888889, 0.533333]",train
1515,joy,253,"[0.0, 0.0, 0.0, 0.3, 0.0666667, 0.1, 0.533333]",train
1516,sadness,253,"[0.0222222, 0.166667, 0.0888889, 0.0, 0.655556, 0.0, 0.0666667]",train
1517,surprise,253,"[0.0, 0.0, 0.0333333, 0.666667, 0.0, 0.166667, 0.133333]",train
1518,anger,253,"[0.0, 0.0, 0.0, 0.666667, 0.0, 0.133333, 0.2]",train
1524,sadness,254,"[0.0, 0.0222222, 0.0, 0.622222, 0.0888889, 0.0333333, 0.233333]",train
1529,disgust,255,"[0.0333333, 0.633333, 0.0333333, 0.0666667, 0.1, 0.0, 0.133333]",train
1530,fear,256,"[0.205556, 0.172222, 0.605556, 0.0, 0.0, 0.0166667, 0.0]",train
1534,sadness,256,"[0.0, 0.105556, 0.05, 0.133333, 0.538889, 0.0388889, 0.133333]",train
1535,joy,256,"[0.0, 0.0666667, 0.0, 0.766667, 0.0, 0.166667, 0.0]",train
1536,anger,257,"[0.0, 0.0, 0.566667, 0.1, 0.0, 0.266667, 0.0666667]",train
1538,fear,257,"[0.0888889, 0.2, 0.622222, 0.0, 0.0, 0.0888889, 0.0]",train
1540,joy,257,"[0.0, 0.0, 0.0, 0.633333, 0.0666667, 0.1, 0.2]",val
1542,fear,258,"[0.255556, 0.144444, 0.511111, 0.0, 0.0, 0.0222222, 0.0666667]",train
1549,sadness,259,"[0.08, 0.0466667, 0.08, 0.0666667, 0.513333, 0.08, 0.133333]",train
1552,surprise,259,"[0.0, 0.0, 0.0, 0.533333, 0.0666667, 0.2, 0.2]",train
1554,joy,259,"[0.0, 0.0, 0.0222222, 0.655556, 0.0, 0.255556, 0.0666667]",train
1559,surprise,260,"[0.0, 0.0, 0.0, 0.666667, 0.0, 0.266667, 0.0666667]",train
1561,sadness,260,"[0.0, 0.0333333, 0.0666667, 0.0, 0.766667, 0.133333, 0.0]",train
1562,disgust,261,"[0.0333333, 0.766667, 0.0, 0.0, 0.0333333, 0.0666667, 0.1]",val
1571,joy,262,"[0.0, 0.0, 0.0, 0.9, 0.0, 0.0333333, 0.0666667]",train
1572,sadness,262,"[0.0666667, 0.0, 0.2, 0.0, 0.666667, 0.0, 0.0666667]",val
1573,surprise,262,"[0.0, 0.0, 0.0, 0.733333, 0.0, 0.166667, 0.1]",train
1575,joy,263,"[0.0, 0.0, 0.0, 0.666667, 0.0, 0.1, 0.233333]",val
1577,fear,264,"[0.0, 0.0, 0.7, 0.0, 0.0666667, 0.2, 0.0333333]",val
1578,disgust,264,"[0.0, 0.0666667, 0.0666667, 0.1, 0.0666667, 0.0, 0.7]",val
1579,sadness,263,"[0.0, 0.0666667, 0.0, 0.0, 0.666667, 0.0666667, 0.2]",val
1580,sadness,264,"[0.133333, 0.1, 0.0333333, 0.0, 0.6, 0.0666667, 0.0666667]",train
1587,sadness,265,"[0.0, 0.0, 0.1, 0.0, 0.733333, 0.0, 0.166667]",train
1589,anger,266,"[0.0, 0.133333, 0.0, 0.666667, 0.0666667, 0.0, 0.133333]",train
1610,surprise,268,"[0.0, 0.0, 0.0, 0.766667, 0.0, 0.0666667, 0.166667]",train
1611,joy,269,"[0.0, 0.0, 0.0, 0.566667, 0.0, 0.0666667, 0.366667]",train
1614,anger,270,"[0.0666667, 0.0666667, 0.166667, 0.0, 0.0666667, 0.0666667, 0.566667]",train
1615,joy,270,"[0.0, 0.0, 0.0, 0.633333, 0.0, 0.0666667, 0.3]",train
1616,disgust,270,"[0.0, 0.533333, 0.0222222, 0.0888889, 0.0888889, 0.0222222, 0.244444]",val
1617,fear,270,"[0.0, 0.0, 0.533333, 0.0, 0.0666667, 0.2, 0.2]",val
1619,surprise,270,"[0.0, 0.0, 0.0222222, 0.622222, 0.0666667, 0.0222222, 0.266667]",train
1621,sadness,271,"[0.0, 0.0666667, 0.0, 0.0333333, 0.666667, 0.1, 0.133333]",train
1623,fear,272,"[0.0, 0.0, 0.0666667, 0.6, 0.133333, 0.2, 0.0]",train
1629,surprise,272,"[0.0, 0.0, 0.0666667, 0.666667, 0.0666667, 0.133333, 0.0666667]",val
1630,disgust,273,"[0.122222, 0.522222, 0.0333333, 0.0, 0.188889, 0.0, 0.133333]",val
1631,joy,272,"[0.0666667, 0.0, 0.0, 0.533333, 0.0, 0.333333, 0.0666667]",val
1632,sadness,272,"[0.0166667, 0.0833333, 0.25, 0.0, 0.65, 0.0, 0.0]",val
1633,joy,273,"[0.0, 0.0, 0.0, 0.733333, 0.0, 0.2, 0.0666667]",train
1634,sadness,273,"[0.0, 0.0666667, 0.266667, 0.0, 0.566667, 0.0333333, 0.0666667]",train
1638,disgust,274,"[0.1, 0.533333, 0.0, 0.0, 0.133333, 0.0, 0.233333]",train
1642,sadness,274,"[0.0166667, 0.0222222, 0.205556, 0.0, 0.605556, 0.05, 0.1]",train
1647,sadness,275,"[0.0666667, 0.0666667, 0.0, 0.0333333, 0.666667, 0.0333333, 0.133333]",train
1648,sadness,276,"[0.0666667, 0.1, 0.0, 0.0333333, 0.566667, 0.1, 0.133333]",val
1655,joy,276,"[0.0, 0.0, 0.0, 0.533333, 0.0666667, 0.233333, 0.166667]",train
1656,anger,277,"[0.1, 0.0666667, 0.133333, 0.0, 0.566667, 0.0, 0.133333]",train
1658,sadness,277,"[0.0222222, 0.0666667, 0.0888889, 0.0, 0.822222, 0.0, 0.0]",train
1662,joy,277,"[0.0, 0.0, 0.0, 0.666667, 0.0333333, 0.133333, 0.166667]",train
1664,disgust,278,"[0.1, 0.666667, 0.0, 0.0, 0.0666667, 0.0, 0.166667]",train
1666,sadness,278,"[0.0444444, 0.0444444, 0.122222, 0.0, 0.788889, 0.0, 0.0]",val
1670,fear,279,"[0.0333333, 0.05, 0.75, 0.0, 0.15, 0.0, 0.0166667]",train
1671,sadness,279,"[0.0333333, 0.0222222, 0.0, 0.0, 0.922222, 0.0, 0.0222222]",train
1672,surprise,279,"[0.0, 0.0888889, 0.0666667, 0.511111, 0.0, 0.111111, 0.222222]",train
1673,joy,279,"[0.0, 0.0, 0.0, 0.755556, 0.0, 0.188889, 0.0555556]",train
1674,joy,280,"[0.0, 0.0, 0.0, 0.788889, 0.0, 0.122222, 0.0888889]",val
1678,fear,280,"[0.0388889, 0.05, 0.0722222, 0.0, 0.772222, 0.0, 0.0666667]",train
1682,disgust,281,"[0.133333, 0.6, 0.0, 0.0666667, 0.133333, 0.0, 0.0666667]",val
1686,sadness,282,"[0.0, 0.1, 0.133333, 0.0, 0.633333, 0.0, 0.133333]",train
1687,joy,281,"[0.0, 0.0666667, 0.0, 0.566667, 0.0, 0.0666667, 0.3]",train
1689,surprise,281,"[0.0, 0.0666667, 0.0666667, 0.533333, 0.0666667, 0.233333, 0.0333333]",train
1690,joy,282,"[0.0, 0.0, 0.0, 0.8, 0.0, 0.166667, 0.0333333]",train
1692,joy,283,"[0.0, 0.0, 0.0, 0.633333, 0.0, 0.233333, 0.133333]",train
1694,sadness,283,"[0.0, 0.0, 0.0333333, 0.0666667, 0.733333, 0.0333333, 0.133333]",train
1698,disgust,284,"[0.0333333, 0.283333, 0.05, 0.0, 0.55, 0.0166667, 0.0666667]",val
1701,joy,284,"[0.0, 0.0, 0.0, 0.766667, 0.0, 0.0666667, 0.166667]",train
1703,sadness,284,"[0.0, 0.0, 0.133333, 0.0, 0.866667, 0.0, 0.0]",train
1708,joy,285,"[0.0, 0.0, 0.0, 0.9, 0.0, 0.0333333, 0.0666667]",train
1711,fear,286,"[0.0333333, 0.1, 0.633333, 0.0666667, 0.0, 0.0666667, 0.1]",train
1712,sadness,286,"[0.0333333, 0.0, 0.166667, 0.0, 0.8, 0.0, 0.0]",train
1717,anger,287,"[0.0222222, 0.0333333, 0.0555556, 0.0, 0.788889, 0.0, 0.1]",val
1719,disgust,288,"[0.0666667, 0.25, 0.55, 0.0, 0.1, 0.0166667, 0.0166667]",train
1721,sadness,287,"[0.0, 0.0, 0.0333333, 0.0, 0.766667, 0.0, 0.2]",val
1724,joy,287,"[0.0, 0.0, 0.0, 0.766667, 0.0, 0.166667, 0.0666667]",train
1726,joy,288,"[0.0, 0.0, 0.0, 0.766667, 0.0, 0.233333, 0.0]",train
1727,sadness,288,"[0.0, 0.0333333, 0.0, 0.133333, 0.3, 0.0, 0.533333]",train
1733,anger,290,"[0.0, 0.166667, 0.133333, 0.0, 0.1, 0.0666667, 0.533333]",train
1735,sadness,289,"[0.0, 0.0, 0.0333333, 0.0, 0.833333, 0.0666667, 0.0666667]",train
1736,joy,289,"[0.0, 0.0, 0.0, 0.833333, 0.0, 0.166667, 0.0]",train
1741,joy,290,"[0.0, 0.0, 0.0, 0.633333, 0.0666667, 0.166667, 0.133333]",val
1745,joy,291,"[0.0, 0.0666667, 0.0666667, 0.6, 0.0, 0.266667, 0.0]",train
1746,joy,292,"[0.0, 0.0, 0.0, 0.533333, 0.0, 0.166667, 0.3]",train
1748,sadness,292,"[0.0, 0.0888889, 0.0222222, 0.0, 0.755556, 0.0666667, 0.0666667]",val
1752,disgust,292,"[0.2, 0.655556, 0.0222222, 0.0, 0.0222222, 0.0, 0.1]",train
1753,disgust,293,"[0.0, 0.722222, 0.0222222, 0.0, 0.0222222, 0.0666667, 0.166667]",val
1759,joy,293,"[0.0666667, 0.0, 0.0, 0.233333, 0.0333333, 0.0666667, 0.6]",train
1768,surprise,295,"[0.0, 0.0, 0.0, 0.833333, 0.0, 0.166667, 0.0]",val
1770,joy,295,"[0.0, 0.0, 0.0, 0.788889, 0.0, 0.0555556, 0.155556]",train
1771,anger,296,"[0.0, 0.0222222, 0.155556, 0.0666667, 0.0222222, 0.0, 0.733333]",train
1774,surprise,297,"[0.0, 0.0, 0.0, 0.6, 0.0333333, 0.2, 0.166667]",train
1777,joy,296,"[0.0, 0.0, 0.0, 0.566667, 0.0333333, 0.266667, 0.133333]",train
1779,sadness,297,"[0.0555556, 0.0222222, 0.1, 0.0333333, 0.655556, 0.0666667, 0.0666667]",train
1781,joy,297,"[0.0, 0.0222222, 0.0, 0.522222, 0.0, 0.255556, 0.2]",train
1786,joy,298,"[0.0, 0.0666667, 0.0, 0.666667, 0.0, 0.133333, 0.133333]",train
1788,sadness,298,"[0.0, 0.122222, 0.211111, 0.0, 0.511111, 0.0888889, 0.0666667]",train
1791,joy,299,"[0.0, 0.0, 0.0666667, 0.633333, 0.0, 0.133333, 0.166667]",val
1792,joy,300,"[0.0, 0.0, 0.0, 0.8, 0.0, 0.0666667, 0.133333]",train
1793,sadness,299,"[0.0888889, 0.0, 0.122222, 0.0666667, 0.555556, 0.0666667, 0.1]",train
1794,surprise,299,"[0.0, 0.0, 0.0, 0.466667, 0.0, 0.533333, 0.0]",train
1797,surprise,300,"[0.0, 0.0, 0.0, 0.7, 0.0, 0.166667, 0.133333]",train
1798,sadness,300,"[0.0666667, 0.0, 0.222222, 0.188889, 0.0, 0.522222, 0.0]",train
1802,fear,301,"[0.0222222, 0.0222222, 0.266667, 0.0, 0.655556, 0.0333333, 0.0]",train
1804,sadness,301,"[0.2, 0.0222222, 0.0333333, 0.0, 0.522222, 0.0, 0.222222]",train
1814,sadness,302,"[0.0, 0.0, 0.0555556, 0.0, 0.722222, 0.0, 0.222222]",train
1816,sadness,303,"[0.0222222, 0.0222222, 0.155556, 0.0, 0.766667, 0.0, 0.0333333]",train
1817,joy,303,"[0.0666667, 0.0666667, 0.0, 0.533333, 0.0, 0.166667, 0.166667]",val
1827,surprise,305,"[0.0, 0.0, 0.0666667, 0.666667, 0.0333333, 0.2, 0.0333333]",train
1828,sadness,305,"[0.0, 0.0, 0.166667, 0.0, 0.833333, 0.0, 0.0]",train
1829,anger,306,"[0.155556, 0.0333333, 0.622222, 0.0, 0.188889, 0.0, 0.0]",val
1830,joy,305,"[0.0, 0.0, 0.0, 0.666667, 0.133333, 0.1, 0.1]",train
1834,surprise,306,"[0.0, 0.0666667, 0.6, 0.166667, 0.0, 0.133333, 0.0333333]",train
1835,joy,306,"[0.0, 0.0, 0.0, 0.7, 0.0666667, 0.233333, 0.0]",train
1837,sadness,307,"[0.0, 0.0555556, 0.0333333, 0.0, 0.888889, 0.0222222, 0.0]",train
1838,joy,307,"[0.0, 0.0, 0.0, 0.666667, 0.0, 0.266667, 0.0666667]",train
1840,disgust,307,"[0.0166667, 0.0833333, 0.15, 0.0, 0.0666667, 0.0833333, 0.6]",train
1847,disgust,309,"[0.0, 0.233333, 0.0, 0.0, 0.133333, 0.1, 0.533333]",val
1850,fear,309,"[0.0, 0.1, 0.533333, 0.0, 0.133333, 0.0666667, 0.166667]",val
1854,fear,310,"[0.0, 0.0, 0.6, 0.0, 0.0, 0.0666667, 0.333333]",val
1855,surprise,310,"[0.0, 0.0333333, 0.0666667, 0.633333, 0.0, 0.0666667, 0.2]",train
1858,anger,311,"[0.0333333, 0.0666667, 0.533333, 0.0, 0.0, 0.133333, 0.233333]",val
1861,sadness,310,"[0.0, 0.0333333, 0.133333, 0.0333333, 0.7, 0.0, 0.1]",train
1864,surprise,311,"[0.0, 0.0, 0.0, 0.522222, 0.0, 0.222222, 0.255556]",val
1866,fear,312,"[0.0166667, 0.0166667, 0.883333, 0.0, 0.0833333, 0.0, 0.0]",train
1867,sadness,311,"[0.0, 0.155556, 0.0555556, 0.0666667, 0.622222, 0.0333333, 0.0666667]",val
1869,joy,311,"[0.0, 0.0, 0.0666667, 0.7, 0.0, 0.233333, 0.0]",val
1871,joy,312,"[0.0, 0.0, 0.0, 0.866667, 0.0666667, 0.0, 0.0666667]",train
1873,joy,313,"[0.0, 0.0, 0.0, 0.588889, 0.0, 0.155556, 0.255556]",train
1875,surprise,313,"[0.0, 0.0, 0.0666667, 0.788889, 0.0, 0.0222222, 0.122222]",train
1877,sadness,313,"[0.0, 0.0, 0.133333, 0.0, 0.633333, 0.0, 0.233333]",train
1878,disgust,313,"[0.1, 0.733333, 0.0, 0.0, 0.0666667, 0.0666667, 0.0333333]",train
1879,disgust,314,"[0.0, 0.6, 0.0, 0.0, 0.0, 0.1, 0.3]",train
1880,fear,314,"[0.0, 0.1, 0.666667, 0.0, 0.0333333, 0.0666667, 0.133333]",train
1884,anger,315,"[0.0, 0.0, 0.566667, 0.0888889, 0.255556, 0.0, 0.0888889]",train
1885,sadness,314,"[0.0333333, 0.0, 0.0333333, 0.0666667, 0.8, 0.0, 0.0666667]",train
1886,sadness,315,"[0.0555556, 0.0888889, 0.0333333, 0.0333333, 0.655556, 0.0, 0.133333]",train
1895,disgust,316,"[0.0666667, 0.6, 0.2, 0.0, 0.0, 0.0, 0.133333]",train
1896,joy,316,"[0.0333333, 0.0, 0.0333333, 0.633333, 0.0, 0.0666667, 0.233333]",train
1899,sadness,317,"[0.0222222, 0.0222222, 0.1, 0.0666667, 0.522222, 0.0, 0.266667]",val
1903,joy,317,"[0.0, 0.0, 0.0333333, 0.666667, 0.0, 0.233333, 0.0666667]",train
1905,joy,318,"[0.0, 0.0, 0.155556, 0.622222, 0.0, 0.188889, 0.0333333]",train
1909,joy,319,"[0.0, 0.0666667, 0.0333333, 0.633333, 0.0, 0.133333, 0.133333]",train
1911,sadness,319,"[0.0555556, 0.0, 0.0888889, 0.0, 0.855556, 0.0, 0.0]",train
1912,disgust,319,"[0.0333333, 0.666667, 0.166667, 0.0333333, 0.0333333, 0.0, 0.0666667]",val
1913,surprise,319,"[0.0, 0.0, 0.0666667, 0.7, 0.0, 0.133333, 0.1]",val
1918,fear,321,"[0.0333333, 0.0, 0.7, 0.0333333, 0.0, 0.233333, 0.0]",val
1920,sadness,320,"[0.0, 0.0222222, 0.0222222, 0.0, 0.688889, 0.0, 0.266667]",train
1922,joy,321,"[0.0, 0.0, 0.0, 0.766667, 0.0, 0.166667, 0.0666667]",train
1923,sadness,321,"[0.0, 0.0, 0.0666667, 0.0, 0.933333, 0.0, 0.0]",train
1926,fear,322,"[0.1, 0.155556, 0.688889, 0.0, 0.0555556, 0.0, 0.0]",val
1928,anger,322,"[0.0, 0.0, 0.0, 0.566667, 0.0, 0.166667, 0.266667]",train
1930,joy,322,"[0.0, 0.0, 0.0, 0.666667, 0.0, 0.2, 0.133333]",train
1931,sadness,322,"[0.0, 0.0, 0.1, 0.0666667, 0.733333, 0.0666667, 0.0333333]",val
1935,sadness,323,"[0.0, 0.0333333, 0.2, 0.0, 0.766667, 0.0, 0.0]",train
1936,disgust,324,"[0.0666667, 0.133333, 0.0666667, 0.0, 0.0, 0.133333, 0.6]",train
1939,surprise,323,"[0.0, 0.0, 0.0, 0.666667, 0.0, 0.133333, 0.2]",train
1940,sadness,324,"[0.0, 0.0666667, 0.0, 0.6, 0.0666667, 0.0, 0.266667]",train
1941,joy,324,"[0.0, 0.0, 0.0, 0.533333, 0.0, 0.0666667, 0.4]",val
1942,surprise,324,"[0.0, 0.0, 0.0, 0.666667, 0.0, 0.0, 0.333333]",train
1946,disgust,326,"[0.122222, 0.511111, 0.288889, 0.0, 0.0444444, 0.0333333, 0.0]",train
1947,surprise,325,"[0.0, 0.0, 0.0666667, 0.655556, 0.0, 0.155556, 0.122222]",train
1948,fear,325,"[0.1, 0.0333333, 0.633333, 0.0666667, 0.0, 0.133333, 0.0333333]",val
1951,joy,325,"[0.0, 0.0, 0.0666667, 0.666667, 0.0, 0.233333, 0.0333333]",val
1953,sadness,326,"[0.0333333, 0.0333333, 0.1, 0.0666667, 0.533333, 0.0, 0.233333]",val
1955,sadness,327,"[0.0, 0.0666667, 0.133333, 0.0, 0.666667, 0.0, 0.133333]",train
1956,joy,326,"[0.0, 0.0, 0.0, 0.622222, 0.0, 0.188889, 0.188889]",val
1958,joy,327,"[0.0, 0.0, 0.0, 0.622222, 0.0, 0.155556, 0.222222]",val
1965,fear,329,"[0.0222222, 0.0555556, 0.655556, 0.0, 0.0, 0.133333, 0.133333]",train
1969,joy,328,"[0.0, 0.0, 0.0, 0.766667, 0.0, 0.1, 0.133333]",train
1972,surprise,329,"[0.0, 0.0, 0.0, 0.655556, 0.0, 0.322222, 0.0222222]",train
1973,surprise,330,"[0.0, 0.0, 0.0, 0.566667, 0.0, 0.333333, 0.1]",train
1975,joy,329,"[0.0, 0.0, 0.0, 0.622222, 0.0, 0.222222, 0.155556]",val
1978,joy,330,"[0.0, 0.0, 0.0, 0.722222, 0.0, 0.122222, 0.155556]",train
